"","F_Helicobacteraceae","F_Lactobacillaceae","F_Lachnospiraceae","F_Deferribacteraceae","F_Prevotellaceae","F_Staphylococcaceae","F_Bacteroidaceae","F_Rikenellaceae","F_Ruminococcaceae","unclassified_O_Bacteroidales","F_Porphyromonadaceae","unclassified_O_Clostridiales"
"HZA.HZF.01.A.1M_DNA",0.3828,0.004,0.23,0.0416,0.1731,0.0221,0.0151,0.0071,0.0319,0.018,0.021,0.0139
"HZA.HZF.01.A.2M_DNA",0.2414,0.0664,0.3352,0.0345,0.0982,0.0301,0.0102,0.0053,0.0455,0.0298,0.018,0.0179
"HZA.HZF.01.A.3M_DNA",0.5918,0.0534,0.116,0.0802,0.0197,0.0065,0.0224,0.0237,0.0176,0.0303,0.0031,0.0167
"HZA.HZF.02.A.1M_DNA",0.4057,0.0756,0.1378,0.0559,0.1387,0.0176,0.0215,0.0119,0.0262,0.0328,0.0252,0.0197
"HZA.HZF.02.A.2M_DNA",0.5788,0.062,0.2187,0,0.003,0.0412,0,0.0121,0.0275,0.0073,0.001,0.0113
"HZA.HZF.02.B.1M_DNA",0.567,0.0662,0.1007,0,0.0139,0.0117,0.0274,0.0066,0.0228,0.0957,0.0113,0.0076
"HZA.HZF.02.B.2M_DNA",0.8452,0.0219,0.069,0,4e-04,0.0064,0.0015,0.0094,0.0122,0.0113,0.0088,0.0078
"HZA.HZF.02.B.3M_DNA",0.8934,0.008,0.0469,0,9e-04,0.0031,0.0048,0.0092,0.0073,0.0102,0.0055,0.0038
"HZA.HZF.02.C.1M_DNA",0.5276,0.078,0.1883,0,0,0.0127,0.0495,0.0111,0.0302,0.0271,0.0248,0.0121
"HZA.HZF.02.C.4M_DNA",0.4714,0.0276,0.1557,0.1151,0.0045,0.0204,0.0375,0.0093,0.025,0.0341,0.0193,0.0205
"HZA.HZF.02.C.7M_DNA",0.0739,0.1596,0.4952,0.0281,0,0.0072,4e-04,0.0352,0.0324,0.0099,0.004,0.0366
"HZA.HZF.02.D.1M_DNA",0.3963,0.0754,0.1494,0.085,0,0.1268,0.001,0.0247,0.028,0.02,0.0107,0.0225
"HZA.HZF.03.A.1M_DNA",0.1687,0.0256,0.3651,0.0239,0.1255,0.1134,0.0135,0.0145,0.0277,0.0241,0.0192,0.0205
"HZA.HZF.03.A.2M_DNA",0.4713,0.0562,0.2136,0.0382,0.0291,0.0788,2e-04,0.0078,0.0114,0.011,0.0115,0.0086
"HZA.HZF.03.A.3M_DNA",0.2218,0.0729,0.2654,0.1268,0.1276,0.0118,0.0462,0.0041,0.017,0.0214,0.0213,0.01
"HZA.HZF.03.B.1M_DNA",0.3633,0.0338,0.2494,0.1124,0.0655,0,0.0358,0.0059,0.0278,0.0209,0.0126,0.0144
"HZA.HZF.03.B.2M_DNA",0.5685,0.0179,0.1791,0.0537,0.009,6e-04,0.0412,0.0024,0.0292,0.0507,0.0039,0.0087
"HZA.HZF.03.B.3M_DNA",0.2634,0.0191,0.3784,0.0325,0.0047,0.0026,0.0428,0.0065,0.0782,0.0536,0.0266,0.0206
"HZA.HZF.04.A.1M_DNA",0.0581,0.0261,0.4226,0.03,0.1318,0.0145,0.0299,0.0176,0.081,0.03,0.0085,0.0612
"HZA.HZF.04.A.2M_DNA",0.2304,0.0626,0.215,0.0185,0.1802,0.0128,0.0302,0.0081,0.0436,0.0568,0.0192,0.0737
"HZA.HZF.04.A.3M_DNA",0.5481,0.0351,0.1408,0,0.0143,0.0515,0.0211,0.0066,0.0471,0.0634,0.0096,0.0076
"HZA.HZF.04.B.1M_DNA",0.4096,0.0531,0.2195,0.0767,0.0862,1e-04,0.0062,0.0213,0.0265,0.0317,0.004,0.0237
"HZA.HZF.05.B.1M_DNA",0.4641,0.0465,0.0893,0.1341,0.0395,0.0702,0.0138,0.0071,0.0235,0.0303,0.0206,0.008
"HZA.HZF.05.B.2M_DNA",0.4208,0.0173,0.1459,0.0912,0.0238,0.1726,0.0033,0.0029,0.0228,0.0119,0.0142,0.0151
"HZA.HZF.05.B.4M_DNA",0.3685,0.0952,0.1592,0.1537,0.0595,0,0.0275,0.0121,0.027,0.0299,0.0122,0.0137
"HZA.HZF.05.C.1M_DNA",0.1665,0.1086,0.4536,0.09,0.0521,0,0.0085,0.0079,0.0162,0.0356,0.0207,0.0147
"HZA.HZF.06.A.1M_DNA",0.2165,0.0232,0.2499,0.2152,0.0229,0.0082,0.0662,0.0236,0.0261,0.0638,0.0265,0.0232
"HZA.HZF.06.A.2M_DNA",0.4651,0.018,0.1547,0.19,0,0.0075,0.0102,0.0195,0.0299,0.0318,0.0165,0.0333
"HZA.HZF.06.A.3M_DNA",0.4288,0.0812,0.2244,0.0855,0.0059,0.0186,0.0475,0.014,0.0137,0.0243,0.0129,0.019
"HZA.HZF.06.B.1M_DNA",0.1176,0.094,0.3386,0.1648,0,0.0329,0.0024,0.0275,0.0339,0.0579,0.021,0.0694
"HZA.HZF.06.B.2M_DNA",0.2667,0.1161,0.3331,0.0319,0,0.0243,0.0187,0.0113,0.0423,0.0338,0.0181,0.0537
"HZA.HZF.06.B.3M_DNA",0.3343,0.0465,0.381,0.0357,0,0.0044,0.0076,0.0202,0.0429,0.0238,0.0184,0.0445
"HZA.HZF.06.B.4M_DNA",0.3953,0.0759,0.1975,0.1882,0.0011,0.0073,0.0208,0.0074,0.0232,0.0244,0.0212,0.0122
"HZA.HZF.06.C.3M_DNA",0.2242,0.0176,0.1265,0.2021,0.0161,0.0015,0.1169,0.0085,0.0472,0.1383,0.0246,0.0209
"HZA.HZF.06.C.4M_DNA",0.0704,0.0355,0.3651,0.0516,0.0131,0,0.0791,0.0144,0.0901,0.0899,0.0141,0.056
"HZB.HZG.01.A.1M_DNA",0.5928,0.0328,0.1048,0.0594,0.0497,0.0126,0.011,0.0058,0.0155,0.0144,0.0168,0.019
"HZB.HZG.01.A.2M_DNA",0.5278,0.0525,0.1672,0.0449,0.0028,0.0065,0.0355,0.0169,0.0295,0.0221,0.0167,0.0232
"HZB.HZG.01.B.1M_DNA",0.413,0.0373,0.2036,0,0.0078,0.0168,0.013,0.016,0.0342,0.0195,0.0268,0.0176
"HZB.HZG.01.C.2M_DNA",0.1195,0.0302,0.3617,0.2855,0.0139,0,0.0227,0.0134,0.0465,0.043,0.0224,0.0136
"HZB.HZG.01.C.3M_DNA",0.2528,0.0493,0.3251,0.1703,0.0043,0.002,0.0356,0.0059,0.0506,0.0195,0.0237,0.0273
"HZB.HZG.02.A.1M_DNA",0.4487,0.0084,0.0789,0.0039,3e-04,0.0544,0.0014,0.0018,0.0065,6e-04,0.0045,0.0021
"HZB.HZG.02.A.2M_DNA",0.5929,0.0166,0.0516,0.0279,2e-04,0.0325,0.0446,0.0032,0.0111,0.0178,0.0046,0.0079
"HZB.HZG.02.A.4M_DNA",0.3537,0.0306,0.1231,0.0092,0.0057,0.0261,0.0572,0.0026,0.0234,0.0884,0.0149,0.0107
"HZB.HZG.02.B.1M_DNA",0.4845,0.0412,0.2061,0.1207,0.0099,0,0.0173,0.0122,0.0317,0.0297,0.0157,0.0165
"HZB.HZG.02.B.2M_DNA",0.7496,0.0351,0.1126,0,0.0057,0,0.0122,0.0064,0.0191,0.018,0.0066,0.0083
"HZB.HZG.02.B.3M_DNA",0.3733,0.0286,0.3224,0,0.0138,0,0.0268,0.0112,0.08,0.055,0.0099,0.0298
"HZB.HZG.03.A.1M_DNA",0.3514,0.0629,0.1828,0.1043,0,0.0062,5e-04,0.0143,0.0321,0.0042,0.0165,0.0538
"HZB.HZG.03.B.1M_DNA",0.4041,0.019,0.3343,0.0343,0.0048,0.0248,0.0103,0.0279,0.0508,0.016,0.0246,0.0203
"HZB.HZG.03.B.2M_DNA",0.3947,0.0167,0.3255,0.1143,0,0.0082,0,0.0196,0.0261,1e-04,0.0384,0.0307
"HZB.HZG.03.B.3M_DNA",0.2504,0.046,0.2771,0.1734,0.0105,0.0028,0.0307,0.0386,0.0633,0.0338,0.0296,0.0135
"HZB.HZG.03.B.4M_DNA",0.4171,0.0454,0.3783,2e-04,0,0.0017,0,0.0136,0.0526,0.0017,0.0366,0.0349
"HZB.HZG.04.A.1M_DNA",0.6212,0.0111,0.1702,0.1302,0,0.0022,8e-04,0.0065,0.0055,0.0023,0.0132,0.0068
"HZB.HZG.04.B.1M_DNA",0.3521,0.1109,0.3154,0.0062,0.0111,3e-04,0.022,0.0347,0.0553,0.02,0.0324,0.0202
"HZB.HZG.04.B.2M_DNA",0.564,0.0282,0.2344,0.078,0.0026,0.0013,0.0034,0.0085,0.0186,0.0073,0.0124,0.0309
"HZB.HZG.04.B.4M_DNA",0.6539,0.0155,0.1741,0.0251,0,0.0073,0.0154,0.0185,0.0358,0.0233,0.0087,0.008
"HZB.HZG.05.A.1M_DNA",0.5884,0.0111,0.1161,0.1789,0.0015,0.0017,0.0023,0.0193,0.0126,0.0164,0.019,0.0119
"HZB.HZG.05.A.2M_DNA",0.4988,0.0114,0.2246,0.0578,0.0066,0.0086,0.0075,0.0219,0.029,0.0178,0.0182,0.0181
"HZB.HZG.05.A.3M_DNA",0.6422,0.0128,0.1118,0.0104,0.0033,0.0167,0.0059,0.0062,0.0202,0.015,0.0137,0.0156
"HZB.HZG.05.A.4M_DNA",0.5469,0.0369,0.17,0.045,0.008,0.009,0.0111,0.0115,0.0186,0.017,0.0101,0.0254
"HZB.HZG.05.B.1M_DNA",0.5689,0.0194,0.1627,0.027,0,0.0238,0.0033,0.0054,0.0118,0.0049,0.0076,0.0141
"HZB.HZG.05.B.2M_DNA",0.3023,0.0114,0.2278,0.0397,0.0029,0.0521,0.02,0.0083,0.0208,0.0203,0.0065,0.0085
"HZB.HZG.05.B.3M_DNA",0.4295,0.018,0.0361,0.004,0,0.0739,0.0036,4e-04,0.002,0.0018,0.0014,0.0059
"HZB.HZG.05.B.4M_DNA",0.4042,0.0231,0.2587,0.1173,0.0075,0,0.0098,0.0159,0.0443,0.0328,0.0254,0.0266
"HZB.HZG.05.B.5M_DNA",0.7056,0.0722,0.1285,0.0095,0.0033,4e-04,0.0046,0.0055,0.0134,0.0113,0.0076,0.0044
"HZB.HZG.05.B.6M_DNA",0.3148,0.2129,0.2925,0.0126,0.0031,0.0011,0.0098,0.0085,0.0148,0.0292,0.0248,0.0191
"HZB.HZG.05.B.7M_DNA",0.367,0.064,0.3708,0.0311,0.0013,0,0,0.0202,0.0697,0.0095,0.0179,0.0221
"HZB.HZG.06.A.1M_DNA",0.1712,0.023,0.193,0.0967,8e-04,0.1014,0.0014,0.005,0.0154,0.0081,0.0065,0.0137
"HZB.HZG.06.A.2M_DNA",0.392,0.0274,0.1609,0.0855,0.0018,0.0365,0.003,0.0121,0.0441,0.0104,0.0096,0.0065
"HZB.HZG.06.B.1M_DNA",0.2175,0.1302,0.2427,0.0481,0.0343,0.0058,0.0994,0.0022,0.0362,0.0711,0.0207,0.0227
"HZB.HZG.06.B.2M_DNA",0.2248,0.0097,0.4095,0.1536,0,0.0053,0,0.0293,0.027,0.0118,0.0353,0.0669
"HZB.HZG.06.B.3M_DNA",0.293,0.0955,0.2893,0.0748,0,0.0166,0,0.0162,0.0395,0.0025,0.0452,0.0935
"HZC.HZA.01.A.2M_DNA",0.2691,0.0678,0.3655,0.0412,0.1235,0.0187,0.0092,0.0033,0.0217,0.0195,0.0144,0.0127
"HZC.HZA.01.A.3M_DNA",0.3673,0.0408,0.3969,0.0112,0.0962,0.0023,0.0107,0.0033,0.0125,0.007,0.0088,0.0164
"HZC.HZA.01.A.4M_DNA",0.5822,0.0803,0.1887,0.027,0.0364,0.0039,0.0059,0.0054,0.013,0.0087,0.008,0.0123
"HZC.HZA.01.B.1M_DNA",0.6018,0.0532,0.2262,0.0226,0.0097,0,0.0038,0.0048,0.0353,0.0118,0.0031,0.0055
"HZC.HZA.01.C.2M_DNA",0.5461,0.0315,0.1798,0.1037,0.0458,0.0079,0.0091,0.0035,0.0221,0.003,0.0057,0.0189
"HZC.HZA.01.C.3M_DNA",0.2955,0.0673,0.3309,0.1156,0.024,0,0.0011,0.0225,0.0591,0.0139,0.0148,0.0315
"HZC.HZA.01.C.4M_DNA",0.5118,0.0797,0.1372,0.1397,0.0537,0,0.0068,0.0035,0.0198,0.0092,0.0078,0.0146
"HZC.HZA.02.A.1M_DNA",0.5704,0.0592,0.1121,0.0561,0.0816,0.0037,0.0163,0.0035,0.0139,0.0193,0.0132,0.0104
"HZC.HZA.02.A.2M_DNA",0.2042,0.0533,0.3696,0.0471,0.073,0.0078,0.0183,0.0082,0.0644,0.0306,0.041,0.0379
"HZC.HZA.02.A.3M_DNA",0.4795,0.0165,0.1758,0.0793,0.0752,0.0206,0.0237,0.0071,0.0274,0.0301,0.013,0.0112
"HZC.HZA.02.A.4M_DNA",0.1632,0.1281,0.1583,0.0407,0.1891,7e-04,0.0912,0.0023,0.0481,0.0317,0.0446,0.0172
"HZC.HZA.02.C.2M_DNA",0.6291,0.036,0.1859,0.0254,0.0238,0.0325,0.0067,0,0.0108,0.0046,0.0106,0.0114
"HZC.HZA.02.D.3M_DNA",0.0874,0.0079,0.0547,0.0102,0.0027,0,7e-04,2e-04,0.0027,0.0013,0.0015,0.002
"HZC.HZA.03.B.1M_DNA",0.4416,0.0994,0.1037,0.1015,0.1328,0.0017,0.01,0.008,0.0159,0.0248,0.0227,0.0092
"HZC.HZA.03.B.2M_DNA",0.3851,0.0939,0.2166,0.064,0.1163,5e-04,0.0061,0.0018,0.0259,0.024,0.0199,0.0135
"HZC.HZA.03.B.3M_DNA",0.7294,0.0232,0.1453,0.0352,0.0348,5e-04,0.007,0.0019,0.0032,0.0071,0.0049,0.0021
"HZC.HZA.03.B.4M_DNA",0.1749,0.0032,0.4825,0.0248,0.2073,0.0014,0.0106,0.0137,0.0153,0.0144,0.0131,0.0089
"HZC.HZA.03.B.5M_DNA",0.3004,0.1445,0.1988,0.0899,0.155,2e-04,0.0181,0.005,0.011,0.0271,0.0092,0.0149
"HZC.HZA.03.C.1M_DNA",0.471,0.0401,0.2764,0.0454,0.0607,0.0036,0.0076,0.0186,0.0203,0.0164,0.0037,0.0175
"HZC.HZA.03.C.2M_DNA",0.2464,0.1047,0.262,0.0696,0,0.0252,0.0476,0.0095,0.0361,0.083,0.0125,0.0575
"HZC.HZA.03.C.3M_DNA",0.4358,0.0475,0.1379,0.0144,0.0038,0.1972,0.0119,0.0051,0.0451,0.0238,0.0032,0.013
"HZC.HZA.03.C.4M_DNA",0.0758,0.1341,0.4147,0.0519,0,0.1304,0.0285,0.021,0.0372,0.027,0.0077,0.0121
"HZC.HZA.03.C.5M_DNA",0.6014,0.0932,0.1057,0.0178,0.032,0.0503,0.0159,0.0019,0.0062,0.0171,0.0108,0.0092
"HZC.HZA.03.D.1M_DNA",0.4825,0.0306,0.1433,0.0411,0.011,0.1689,0.007,0.0017,0.0302,0.0068,0.0024,0.0104
"HZC.HZA.03.D.2M_DNA",0.469,0.0583,0.2394,0.0448,0.0286,0.0184,0.0121,0.0039,0.0409,0.0215,0.0071,0.0344
"HZC.HZA.03.D.3M_DNA",0.1229,0.1352,0.4709,0.0704,0.0146,0,0.0221,0.0135,0.0357,0.0209,0.0037,0.0581
"HZC.HZA.03.D.4M_DNA",0.2834,0.0208,0.4261,0.06,0.0762,0,0.0086,0.007,0.0381,0.0109,0.0145,0.019
"HZC.HZA.03.D.5M_DNA",0.4685,0.0251,0.2615,0.1529,0.0317,8e-04,0.0045,0.0021,0.007,0.0034,0.0093,0.0096
"HZC.HZA.04.A.2M_DNA",0.3382,0.1745,0.1425,0.0444,0.1281,0.0034,0.0573,0.0021,0.0109,0.023,0.0254,0.0147
"HZC.HZA.04.A.3M_DNA",0.1121,0.2042,0.1728,0.1029,0.1839,1e-04,0.0498,0.0083,0.0414,0.0272,0.0359,0.0262
"HZC.HZA.04.A.4M_DNA",0.6789,0.0262,0.087,0.0746,0,0.0017,0.0487,0.0016,0.0087,0.0377,0.0045,0.0103
"HZC.HZA.04.B.1M_DNA",0.7578,0.0453,0.0789,6e-04,0.0565,0.0101,0.0085,0.0031,0.008,0.0098,0.0044,0.0057
"HZC.HZA.04.C.1M_DNA",0.4741,0.0741,0.2048,0.0659,0.0272,0.0263,0.007,0.0045,0.0247,0.0048,0.0076,0.0326
"HZC.HZA.04.C.2M_DNA",0.3506,0.0627,0.2258,0.0267,0.0214,0.197,0.0034,0.0033,0.0226,0.0055,0.0117,0.0136
"HZC.HZA.04.C.3M_DNA",0.5,0.0765,0.1973,0.0117,0.0384,0.0679,0.0143,0.0029,0.0171,0.0185,0.0078,0.0147
"HZC.HZA.04.D.1M_DNA",0.6579,0.0539,0.1652,0.0174,0.0322,0,0.0058,0.0048,0.0161,0.0102,0.0067,0.0097
"HZD.HZE.01.A.2M_DNA",0.136,0.093,0.3402,0.1638,0,0.035,0.0033,0.04,0.0312,0.0413,0.0168,0.0403
"HZD.HZE.01.A.3M_DNA",0.2279,0.1074,0.274,0.1502,0.0213,0.0034,0.0152,0.0242,0.0304,0.0695,0.02,0.0224
"HZD.HZE.01.A.4M_DNA",0.4504,0.0424,0.1764,0.1541,0,0.0046,0.0184,0.0204,0.035,0.0219,0.002,0.0224
"HZD.HZE.01.A.5M_DNA",0.4853,0.0754,0.2487,0.0917,0,0.008,0.0128,0.0117,0.016,0.0127,0.004,0.0166
"HZD.HZE.01.B.1M_DNA",0.4415,0.0603,0.2367,0.18,0,0.0096,0,0.0086,0.0229,0,0.0036,0.0129
"HZD.HZE.01.B.2M_DNA",0.4829,0.0205,0.2326,0.1735,0,0.0024,0.0043,0.0081,0.025,0.0204,0.0033,0.0144
"HZD.HZE.01.B.3M_DNA",0.128,0.1815,0.3669,0.0456,0,0.0189,0,0.0614,0.0485,0.0296,0.0072,0.0269
"HZD.HZE.01.B.4M_DNA",0.1006,0.1091,0.4996,0.0957,0,0.0099,0.0011,0.0498,0.0235,0.0195,0.0115,0.0376
"HZD.HZE.01.C.1M_DNA",0.132,0.1468,0.3359,0.0732,0,0.1069,7e-04,0.0491,0.041,0.0268,0.0046,0.0236
"HZD.HZE.01.C.2M_DNA",0.2171,0.092,0.2462,0.0279,0,0.1394,0,0.0583,0.0495,0.0356,0.0185,0.044
"HZD.HZE.01.C.3M_DNA",0.1492,0.2563,0.2867,0.0536,0,0.106,0.0015,0.0124,0.0299,0.0274,0.0034,0.0269
"HZD.HZE.01.D.1M_DNA",0.5227,0.0326,0.1546,0.226,0,0,0,0.0082,0.0209,0.0066,0.0042,0.0146
"HZD.HZE.02.A.2M_DNA",0.564,0.122,0.1717,0.0186,0,8e-04,0.0412,0.0111,0.0161,0.0342,0.0021,0.0075
"HZD.HZE.02.A.3M_DNA",0.2431,0.0867,0.2441,0.1454,0,0.1184,0.0207,0.0095,0.0352,0.0298,0.01,0.0142
"HZD.HZE.02.B.1M_DNA",0.558,0.0734,0.1965,0.0553,0,0.0099,0,0.0127,0.019,0.0125,7e-04,0.0457
"HZD.HZE.02.B.2M_DNA",0.6825,0.0408,0.1124,0.0897,0,0.0038,0.0061,0.0024,0.0096,0.0132,0.0011,0.0278
"HZD.HZE.02.B.3M_DNA",0.6462,0.0356,0.1835,0.0899,2e-04,0.0046,1e-04,0.0067,0.0074,0.0038,0.0019,0.0072
"HZD.HZE.02.B.5M_DNA",0.5539,0.1164,0.2485,0.0137,0,0.0099,0,0.0133,0.01,0.0053,0.0035,0.0142
"HZD.HZE.02.C.2M_DNA",0.1896,0.2103,0.3516,0.0986,0,0.0194,0,0.0189,0.0209,0.0346,0.0112,0.0068
"HZD.HZE.02.D.2M_DNA",0.4428,0.0786,0.2807,0.0968,2e-04,0,0,0.0121,0.0302,0.0149,0.0027,0.0126
"HZD.HZE.02.D.3M_DNA",0.6743,0.0389,0.1809,0.0053,0,0,0.0016,0.0145,0.0175,0.0155,0.0047,0.0313
"HZD.HZE.02.D.5M_DNA",0.7172,0.0275,0.1498,0.0421,0,3e-04,0,0.0066,0.0237,0.0038,0.0027,0.0146
"HZD.HZE.02.D.6M_DNA",0.6295,0.0404,0.1771,0.0237,0,0,0,0,0.0273,0.006,0.0198,0.0333
"HZD.HZE.03.A.1M_DNA",0.5436,0.2061,0.1194,0,0,5e-04,0.0085,0.0296,0.0166,0.0344,0.0091,0.0106
"HZD.HZE.03.B.2M_DNA",0.5132,0.0851,0.2742,0.017,0,0.0023,8e-04,0.008,0.0191,0.0115,0.0031,0.0085
"HZD.HZE.03.B.3M_DNA",0.3323,0.0275,0.3207,0.1074,0,6e-04,9e-04,0.016,0.0604,0.0328,0.0229,0.0406
"HZD.HZE.03.B.4M_DNA",0.2749,0.2192,0.2057,0.0209,0,3e-04,0.0919,0.0166,0.0247,0.0624,0.0106,0.0083
"HZD.HZE.03.B.5M_DNA",0.5913,0.0537,0.2276,0.0531,0,0,0,0.005,0.0266,0.0063,0.0022,0.0141
"HZD.HZE.04.A.1M_DNA",0.7014,0.0204,0.2033,0,0.0013,0.0145,0,0.0067,0.0163,7e-04,0.0053,0.0161
"HZD.HZE.04.A.2M_DNA",0.8254,0.0246,0.0858,0,0.0096,0.0022,0.0018,0.0042,0.014,0.0023,0.0042,0.0123
"HZD.HZE.04.A.3M_DNA",0.7019,0.0546,0.1155,0,0.0446,0.0055,0.0022,0.0077,0.0196,0.0033,0.0149,0.0086
"HZD.HZE.04.B.1M_DNA",0.3635,0.0153,0.2674,0.0077,0.0479,0.1112,0.0067,0.0071,0.0438,0.0168,0.0065,0.0189
"HZD.HZE.04.B.2M_DNA",0.2271,0.0289,0.4805,0.0763,0,0.0643,0.0016,0.0217,0.0316,0.0116,0.0076,0.0235
"HZD.HZE.04.B.3M_DNA",0.343,0.0527,0.3374,0.0801,0,0.0409,2e-04,0.0072,0.032,0.0105,0.0137,0.0158
"HZD.HZE.04.B.4M_DNA",0.5425,0.0178,0.1899,0.076,0.004,0.0587,8e-04,0.0111,0.0468,0.0029,0.0017,0.013
"HZD.HZE.04.B.5M_DNA",0.042,0.062,0.5266,0.1835,0,0.0118,0.0062,0.0214,0.068,0.0139,0.0195,0.0168
"HZE.HZB.01.A.1M_DNA",0.0015,0.1682,0.5437,0,8e-04,0.0254,0.0058,0.0511,0.0594,0.0245,0.0274,0.0399
"HZE.HZB.01.A.2M_DNA",0.4141,0.0947,0.3804,3e-04,0,0.0051,0.0213,0.0123,0.0181,0.0032,0.0046,0.0233
"HZE.HZB.01.A.3M_DNA",0.563,0.078,0.1336,0.026,0,0.0056,0.0456,0.0038,0.0301,0.0571,0.0297,0.0076
"HZE.HZB.02.A.1M_DNA",0.6284,0.0346,0.133,0.0917,0,9e-04,0.0141,0.0082,0.0087,0.0207,0.0152,0.0145
"HZE.HZB.02.A.2M_DNA",0.7635,0.0054,0.0861,0.0841,0,0.0193,2e-04,0.004,0.0085,0.0029,0.0033,0.0077
"HZE.HZB.02.B.1M_DNA",0.1426,0.1389,0.2946,0.2892,0,6e-04,0,0.0225,0.041,0.0126,0.0073,0.0335
"HZE.HZB.02.B.2M_DNA",0.4173,0.0027,0.0855,0.4688,0,7e-04,0,0.0014,0.0044,0.0035,0.0015,0.0125
"HZE.HZB.02.B.3M_DNA",0.6997,0.013,0.1406,0.0672,0,0.003,8e-04,0.0097,0.0121,0.0076,0.0015,0.0347
"HZE.HZB.02.C.1M_DNA",0.4033,0.0895,0.229,0.0184,0,0.1685,0.0027,0,0.0112,0.0011,0.0028,0.0092
"HZE.HZB.02.C.2M_DNA",0.6577,0.0151,0.1627,0.0163,0,0.0859,0,0.0021,0.0131,0,0,0.0091
"HZE.HZB.02.C.3M_DNA",0.2454,0.121,0.2879,0.0213,0,0.1601,0,0.0113,0.0486,0.0176,0.0043,0.0151
"HZE.HZB.02.C.4M_DNA",0.6481,0.0105,0.1596,0.1301,0,0,0,0.0063,0.0142,0.002,0.0101,0.0073
"HZE.HZB.03.A.1M_DNA",0.7698,0.0348,0.0792,0,0,0.0021,0.0372,0.0154,0.0077,0.0125,0.005,0.0158
"HZE.HZB.03.A.2M_DNA",0.8622,0.0071,0.0846,0,0,0.0011,0.0088,0.0033,0.0026,0.0091,0.0025,0.009
"HZE.HZB.03.A.4M_DNA",0.6105,0.0717,0.1653,0,0,0.0105,0.0349,0.0094,0.0295,0.0223,0.0135,0.01
"HZE.HZB.03.A.5M_DNA",0.6504,0.0291,0.1241,0,0,0.014,0.0236,0.0304,0.0238,0.0445,0.0094,0.0201
"HZE.HZB.03.B.1M_DNA",0.7635,0.0167,0.1214,0.0488,0,0.0016,0,0.0131,0.0178,0.0046,0.0042,0.0037
"HZE.HZB.03.B.2M_DNA",0.2763,0.0442,0.1773,0.1665,0,0.1924,0,0.0235,0.0219,0.0038,0.003,0.0488
"HZE.HZB.03.B.3M_DNA",0.4336,0.0298,0.1989,0.0921,0,0.1845,0,0.0034,0.0036,0.006,0,0.0015
"HZE.HZB.03.C.2M_DNA",0.6183,0.0519,0.1766,0.0576,0,0,0.0043,0.0153,0.0325,0.0056,0.0045,0.0091
"HZE.HZB.03.C.3M_DNA",0.2594,0.0254,0.1821,0.0739,0,0,0.0087,0.0085,0.0202,0.0114,0.0048,0.0167
"HZE.HZB.03.C.4M_DNA",0.4093,0.081,0.2811,0.05,0,9e-04,0.002,0.0324,0.0329,0.0194,0.0123,0.0336
"HZE.HZB.03.C.5M_DNA",0.504,0.0558,0.1736,0.0811,0.0306,0,0.0099,0.0194,0.0269,0.0356,0.0158,0.0085
"HZE.HZB.04.A.1M_DNA",0.4798,0.0853,0.1415,0.114,0.0492,4e-04,0.0016,0.0463,0.0181,0.0112,0.0188,0.0158
"HZE.HZB.04.A.2M_DNA",0.8675,0.0055,0.0498,0.0387,0,0.0069,0.0011,0.002,0.0075,0.0015,0.0017,0.0072
"HZE.HZB.04.A.3M_DNA",0.4763,0.0363,0.2851,0.029,0,0.0136,0,0.0247,0.0481,0.0095,0.0109,0.0433
"HZE.HZB.04.B.1M_DNA",0.5715,0.0107,0.1309,0.0793,0,0,0.0301,0.0095,0.0449,0.0651,0.0041,0.0267
"HZE.HZB.04.B.2M_DNA",0.6264,0.0554,0.2085,0.0169,0,0.002,0,0.0084,0.0159,0.002,0.0122,0.0116
"HZE.HZB.04.B.3M_DNA",0.5544,0.0567,0.1843,0.0872,0,0,0,0.0155,0.0167,0.0083,0.0375,0.0213
"HZE.HZB.04.B.5M_DNA",0.446,0.0368,0.121,0.2929,0,0,0,0.008,0.0158,3e-04,0.0185,0.0117
"HZE.HZB.05.A.2M_DNA",0.7684,0.0121,0.0771,0.0139,0,0.0718,0.0049,0,0.0133,0.007,0.0014,0.0081
"HZE.HZB.06.A.2M_DNA",0.6558,0.0261,0.1397,0.1068,0,0.0018,0,0.0166,0.0121,0.0074,0.0121,0.0194
"HZE.HZB.06.B.1M_DNA",0.5136,0.0296,0.2248,0.0794,2e-04,0.0703,0,0.0118,0.0149,0.0073,0.0081,0.0094
"HZE.HZB.06.B.2M_DNA",0.4289,0.0799,0.2396,0.0187,0,0.1189,0,0.014,0.0173,0.0069,0.0014,0.0363
"HZE.HZB.06.B.4M_DNA",0.3448,0.0948,0.2457,0.0978,0,0.0246,0,0.0307,0.0374,0.0108,0.0063,0.0592
"HZE.HZB.06.B.5M_DNA",0.0769,0.0755,0.3197,0.3493,0,9e-04,0.0952,0.0058,0.0171,0.0056,0.0041,0.0345
"HZF.HZH.01.A.1M_DNA",0.3966,0.0076,0.2487,0.0059,7e-04,0.0692,0.0131,0.0248,0.0609,0.0391,0.0047,0.0548
"HZF.HZH.01.A.2M_DNA",0.7715,0.0184,0.1044,0,0,0.0064,0.0041,0.0222,0.0179,0.0272,0.0031,0.0159
"HZF.HZH.01.A.3M_DNA",0.6596,0.0157,0.1744,0,0,5e-04,0.0093,0.0218,0.0529,0.0178,0.0066,0.028
"HZF.HZH.01.A.4M_DNA",0.7711,0.0139,0.1078,0.0029,2e-04,0.0052,0.0011,0.0148,0.0147,0.0086,0.0094,0.0122
"HZF.HZH.01.B.1M_DNA",0.6495,0.029,0.1693,0,0.0057,0.0146,0.0057,0.0325,0.026,0.0139,0.007,0.0165
"HZF.HZH.01.B.2M_DNA",0.7596,0.012,0.1004,2e-04,0.0134,0.003,0.0078,0.0117,0.0059,0.0292,0.0054,0.0187
"HZF.HZH.01.B.3M_DNA",0.6568,0.0357,0.0652,0,0.0311,0.001,0.0177,0.0338,0.0207,0.0459,0.009,0.0193
"HZF.HZH.01.C.1M_DNA",0.3242,0.0205,0.2663,0.2141,0,0.001,3e-04,0.0218,0.0393,0.0355,0.0063,0.0178
"HZF.HZH.01.C.2M_DNA",0.1142,0.0559,0.1332,0,0,0.4865,0,0.0018,0.0269,0.0026,0,0.0067
"HZF.HZH.02.A.2M_DNA",0.5633,0.0233,0.2352,0,0,0.0072,0.0051,0.0202,0.019,0.0423,0.0081,0.0184
"HZF.HZH.02.B.2M_DNA",0.442,0.0271,0.2473,0.2108,0,0.002,0,0.014,0.0156,0.0066,0.0077,0.0182
"HZF.HZH.02.B.3M_DNA",0.4757,0.0641,0.2748,0.1458,0,7e-04,0,0.0045,0.0149,0.0055,0.0018,0.0036
"HZF.HZH.02.C.1M_DNA",0.5381,0.0251,0.2423,0.0661,0,0.0211,0,0.0232,0.0221,0.0083,0.0076,0.0181
"HZF.HZH.02.D.1M_DNA",0.5389,0.0667,0.2197,0.0642,0.0043,0.0033,0.0058,0.0195,0.0223,0.0158,0.0091,0.0142
"HZF.HZH.02.D.2M_DNA",0.6659,0.0349,0.1879,0.0299,0,0.0057,0,0.0116,0.0158,0.0018,0.0133,0.0167
"HZF.HZH.02.E.1M_DNA",0.404,0.0511,0.2926,0,0,0.093,0.0013,0.009,0.0591,0.0203,0.013,0.0168
"HZF.HZH.02.E.2M_DNA",0.6285,0.0366,0.1912,0.0185,0,0,0.0053,0.023,0.0226,0.0239,0.0061,0.0192
"HZF.HZH.02.E.3M_DNA",0.4971,0.0436,0.3121,0.0056,4e-04,0,4e-04,0.0162,0.0428,0.0148,0.0192,0.0193
"HZF.HZH.02.E.4M_DNA",0.4199,0.005,0.3516,0,8e-04,0.0014,0.0269,0.019,0.0895,0.0157,0.0041,0.0295
"HZF.HZH.02.E.5M_DNA",0.7304,0.0399,0.091,0,0,0,0,0.0246,0.0233,0.0174,0.0088,0.0211
"HZF.HZH.02.E.7M_DNA",0.7059,8e-04,0.176,1e-04,0,0,9e-04,0.0095,0.0359,0.0275,0.0181,0.0117
"HZF.HZH.02.E.8M_DNA",0.6413,0.0175,0.1841,0,0,0,0.0027,0.0054,0.0562,0.0208,0.014,0.0188
"HZF.HZH.03.A.3M_DNA",0.4493,0.0082,0.2788,0.0428,0.0048,0.0207,0.0074,0.0178,0.0321,0.0263,0.0275,0.0221
"HZF.HZH.03.A.4M_DNA",0.5127,0.0223,0.2225,0.0609,0.0101,0.0064,0.0467,0.0119,0.0128,0.0302,0.0145,0.0158
"HZF.HZH.03.A.6M_DNA",0.5644,0.009,0.1955,0.0186,0.0039,0.0068,0.0355,0.0058,0.0249,0.0148,0.013,0.014
"HZF.HZH.03.A.7M_DNA",0.5056,0.0149,0.2849,0.0268,0,0.0107,0.0016,0.0135,0.0134,0.0052,0.0055,0.016
"HZF.HZH.03.B.1M_DNA",0.6772,0.0153,0.1484,0.0017,0.0107,0,0.0183,0.0155,0.015,0.0277,0.0096,0.012
"HZF.HZH.03.B.2M_DNA",0.5646,0.0163,0.119,0.1618,0.0086,0,0.038,0.0043,0.0172,0.0235,0.0092,0.0046
"HZF.HZH.03.B.3M_DNA",0.3099,0.0212,0.0933,0.0133,0.0047,0.0029,0.0689,0.0051,0.0133,0.0508,0.0061,0.0213
"HZF.HZH.04.A.1M_DNA",0.5658,0.0432,0.1695,0.0398,0.0113,0.0495,0.0144,0.0098,0.03,0.0279,0.009,0.0172
"HZF.HZH.04.A.2M_DNA",0.2879,0,0.0834,0.0171,0,0.4167,0.0064,0.0053,0.0443,0.0098,0,0.0233
"HZF.HZH.04.A.5M_DNA",0.5036,0.0476,0.1725,0.0563,0,0.0782,0.0136,0.0063,0.0385,0.0111,0.0073,0.0134
"HZF.HZH.04.A.6M_DNA",0.3911,0.001,0.1693,0.1032,4e-04,0.0643,0.0934,0.0092,0.0629,0.0535,0.0098,0.0046
"HZF.HZH.04.A.7M_DNA",0.6101,0.0018,0.0503,0.186,0.0081,0.0206,0.0343,0.0047,0.0321,0.027,0.0051,0.001
"HZF.HZH.04.A.8M_DNA",0.4037,0.0091,0.1192,0.0657,0,0.0144,0.1274,0.0125,0.0507,0.1306,0.0239,0.0028
"HZG.HZD.01.A.1M_DNA",0.5016,0.0529,0.2464,0.1117,0.0052,0.0011,0.0058,0.0049,0.0256,0.0081,0.0077,0.0185
"HZG.HZD.01.A.2M_DNA",0.4298,0.0191,0.3533,0.0391,0.0103,0.0051,0.0137,0.0213,0.0324,0.0241,0.0193,0.0146
"HZG.HZD.01.A.4M_DNA",0.5817,0.0782,0.1615,0.0591,0.0073,7e-04,0.0288,0.0037,0.017,0.0217,0.0178,0.0113
"HZG.HZD.01.A.5M_DNA",0.6452,0.0362,0.1372,0.0961,0.0093,0.004,0.0068,0.0032,0.0088,0.0174,0.0074,0.0081
"HZG.HZD.01.A.6M_DNA",0.4653,0.0748,0.1941,0.0518,0.0334,0.016,0.0215,0.0079,0.0163,0.0474,0.0233,0.0066
"HZG.HZD.01.B.1M_DNA",0.7703,0.0185,0.0944,0.0181,0.0021,0.0556,0.0025,0.0029,0.0087,0.0086,0.003,0.0019
"HZG.HZD.02.A.2M_DNA",0.5907,0.0388,0.1079,0.0244,0.0051,0.0102,0.0941,0.0021,0.0178,0.0532,0.0126,0.0096
"HZG.HZD.02.A.3M_DNA",0.4186,0.0608,0.3278,0.0204,0.0074,0.0045,0.0423,0.0051,0.0182,0.0439,0.018,0.0159
"HZG.HZD.02.A.4M_DNA",0.4424,0.0286,0.0757,0.1457,0.0041,0.0056,0.1202,0.0018,0.0153,0.0464,0.0083,0.0081
"HZG.HZD.02.A.5M_DNA",0.7194,0.0025,0.088,0.0473,0.0049,2e-04,0.0273,0.0152,0.028,0.0214,0.0133,0.0139
"HZG.HZD.02.B.1M_DNA",0.4184,0.0248,0.046,0.4159,0.0017,0.0092,0.0094,9e-04,0.0147,0.0213,0.0091,0.0148
"HZG.HZD.02.B.2M_DNA",0.1667,0.0083,0.2017,0.5126,0.0027,0.0084,0.0086,0.0035,0.0097,0.0356,0.018,0.0075
"HZG.HZD.02.B.3M_DNA",0.1292,0.0374,0.2746,0.0201,0.0135,0.1626,0.0468,9e-04,0.0713,0.0751,0.0307,0.0246
"HZG.HZD.02.C.1M_DNA",0.3943,0.025,0.4325,0.0154,0.0081,0,0.0089,0.005,0.0137,0.0324,0.0122,0.0041
"HZG.HZD.02.C.3M_DNA",0.5982,0.0647,0.234,0.0184,0.0023,0,0.0046,0.0156,0.0141,0.0205,0.0096,0.0041
"HZG.HZD.02.C.4M_DNA",0.7162,0.0021,0.1026,0.0993,7e-04,0.0017,0.0056,0.0059,0.0124,0.0158,0.0098,0.0065
"HZG.HZD.02.C.5M_DNA",0.2395,0.0317,0.2763,0.1747,0.0065,8e-04,0.0891,0.0082,0.0309,0.0498,0.0224,0.0133
"HZG.HZD.03.A.1M_DNA",0.7324,0.0055,0.0194,0.0884,0.0054,0.0053,0.0151,7e-04,0.0135,0.0673,0.0069,0.0106
"HZG.HZD.03.A.2M_DNA",0.6358,0.0075,0.0893,0.1799,8e-04,0.0025,0.0124,0.0027,0.0109,0.0158,0.006,0.0131
"HZG.HZD.03.A.3M_DNA",0.5426,0.009,0.1431,0.1162,0.0111,0.0102,0.0145,0.0063,0.0175,0.0529,0.0216,0.0098
"HZG.HZD.03.A.4M_DNA",0.4499,0.0305,0.0706,0.0561,0.0088,0.0032,0.0163,0.0114,0.0231,0.151,0.0141,0.0879
"HZG.HZD.03.A.5M_DNA",0.4684,0.0246,0.2537,0.0321,0.013,2e-04,0.0352,0.0166,0.0315,0.0412,0.036,0.0135
"HZG.HZD.03.A.6M_DNA",0.3083,0.0267,0.1509,0.1689,0.0095,0.0061,0.0511,0.0203,0.0337,0.0968,0.015,0.0378
"HZG.HZD.03.A.7M_DNA",0.3939,0.0419,0.1156,0.0751,0.0218,0.0086,0.1049,0.01,0.0386,0.1055,0.0262,0.014
"HZG.HZD.03.B.1M_DNA",0.4145,0.051,0.2637,0.0656,0.002,0.0999,0.0172,0.0045,0.0113,0.0243,0.0095,0.0034
"HZG.HZD.03.B.2M_DNA",0.2748,0.0148,0.2754,0.0031,0.0024,0.2626,0.0214,0.0048,0.0175,0.0254,0.0065,0.0058
"HZG.HZD.03.C.1M_DNA",0.1327,0.1142,0.2909,0.0628,0.1198,0.0308,0.0407,0.0052,0.0507,0.0559,0.0198,0.0207
"HZG.HZD.03.C.2M_DNA",0.1324,0.0265,0.4123,0.0498,0.0875,0.0319,0.0473,0.0036,0.0358,0.0516,0.0185,0.0387
"HZG.HZD.03.C.3M_DNA",0.1452,0.138,0.2837,0.0217,0.1538,0.0101,0.0266,0.0082,0.0662,0.0508,0.0233,0.0338
"HZG.HZD.03.C.4M_DNA",0.1602,0.2382,0.1666,0.0266,0.1416,7e-04,0.0351,0.0048,0.011,0.1177,0.029,0.0215
"HZG.HZD.04.A.1M_DNA",0.512,0.0507,0.2846,0,0.0156,0,0.0219,0.01,0.0264,0.0205,0.0125,0.0244
"HZG.HZD.04.A.2M_DNA",0.4747,0.0027,0.3858,0,0.0118,0,0.0178,0.0058,0.0481,0.0118,0.0067,0.0224
"HZG.HZD.06.A.1M_DNA",0.3522,0.0398,0.1096,0.0231,0.0023,0.1425,0.0925,8e-04,0.0557,0.0492,0.0106,0.006
"HZG.HZD.06.A.2M_DNA",0.5615,0.0267,0.084,0.0102,0.0063,0,0.0261,5e-04,0.0235,0.043,0.0084,0.0029
"HZG.HZD.06.A.3M_DNA",0.8249,0.0212,0.0726,0.0112,0,0,0.0037,0.0066,0.0109,0.0063,0.0065,0.0111
"HZG.HZD.06.A.4M_DNA",0.7025,0.0264,0.1212,0.022,0.0074,5e-04,0.0353,0.0066,0.0251,0.0069,0.0056,0.0157
"HZH.HZC.01.A.3M_DNA",0.0785,0.2089,0.3293,0,0.0352,0.0034,0.1453,0.0073,0.0142,0.1059,0.0407,0.0156
"HZH.HZC.01.B.1M_DNA",0.6417,0.0124,0.1861,0.0116,0.0122,0.0023,0.0122,0.0116,0.0274,0.0287,0.0187,0.0051
"HZH.HZC.01.B.4M_DNA",0.5433,0.0649,0.158,0.0496,0.0023,3e-04,0.0302,0.0172,0.0199,0.032,0.0245,0.0361
"HZH.HZC.01.B.5M_DNA",0.5284,0.024,0.2266,0.1455,0,2e-04,0.0139,0.0035,0.0093,0.0116,0.0175,0.0064
"HZH.HZC.01.C.3M_DNA",0.5529,0.0162,0.1962,0.1757,1e-04,2e-04,3e-04,0.002,0.0041,0.0057,0.0273,0.0028
"HZH.HZC.02.A.1M_DNA",0.5958,0.0255,0.1359,0.1859,0,0.0052,0.0027,0.0023,0.0196,0.0036,0.0067,0.0084
"HZH.HZC.03.A.1M_DNA",0.2322,0.1305,0.2883,0.1828,0,0.0154,0,0.0257,0.0366,0.0085,0.0253,0.0137
"HZH.HZC.03.A.2M_DNA",0.1675,0.1329,0.321,0.0604,0,0.0358,0,0.0458,0.0523,0.0107,0.0222,0.0293
"HZH.HZC.03.A.3M_DNA",0.3807,0.0548,0.1875,0.1531,0.1063,0.01,0.011,0.0066,0.0168,0.0162,0.0084,0.0228
"HZH.HZC.03.A.4M_DNA",0.0362,0.0886,0.2343,0,0.0498,0.4066,0.0076,0.0024,0.04,0,0.0012,0.0036
"HZH.HZC.03.A.5M_DNA",0.1987,0.1591,0.2836,0.0516,0.097,0.0367,0.0128,0.0155,0.0569,0.016,0.0058,0.0274
"HZH.HZC.04.A.1M_DNA",0.5567,0.0144,0.1483,0.2122,0,0.0091,0.0019,0.0078,0.0144,9e-04,0.0053,0.0167
"HZH.HZC.04.A.2M_DNA",0.4919,0.0535,0.2396,0.0398,0.0816,0.0028,0.0024,0.0154,0.0159,0.0067,0.0084,0.011
"HZH.HZC.04.A.3M_DNA",0.2935,0.0703,0.3119,0.0763,0.0136,0.03,0.0222,0.0177,0.0477,0.0338,0.0308,0.0128
"HZH.HZC.04.B.1M_DNA",0.1797,0.1019,0.2904,0.1522,0,0.1196,0,0.009,0.0274,8e-04,0.005,0.0534
"HZH.HZC.04.B.2M_DNA",0.4456,0.02,0.1973,0.0092,0,0.2053,0.0025,0.0033,0.0329,0.0111,0.0112,0.0098
"HZH.HZC.04.B.4M_DNA",0.089,0.0844,0.5151,0.0371,0,0.1226,0.0045,0.0101,0.045,0.0272,0.0033,0.0142
"HZH.HZC.05.A.2M_DNA",0.6583,0.0257,0.1301,0.0474,6e-04,0.0032,1e-04,0.0196,0.0151,0.0032,0.0039,0.0191
"HZH.HZC.05.A.3M_DNA",0.3966,0.0285,0.1989,0.0778,0.0025,0.011,0.0107,0.0304,0.0407,0.035,0.018,0.0207
"HZH.HZC.05.A.4M_DNA",0.627,0.0452,0.1026,0.0643,0,0.0016,0,0.0406,0.0385,0.012,0.0387,0.0166
"HZH.HZC.06.A.1M_DNA",0.0286,0.1756,0.396,0.099,0.0046,0.0617,0.0122,0.0135,0.0651,0.0291,0.0171,0.062
"HZH.HZC.06.A.2M_DNA",0.1115,0.0481,0.5306,0.1429,0.0011,0.0041,0,0.0212,0.0513,0.0172,0.0106,0.0145
"HZH.HZC.06.A.3M_DNA",0.3017,0.0412,0.2985,0.1131,0.0075,0,0.003,0.0246,0.0548,0.0229,0.0195,0.0816
"HZH.HZC.07.A.2M_DNA",0.4725,0.059,0.2699,0,3e-04,0.0077,0.0182,0.0283,0.037,0.0384,0.016,0.0357
"HZH.HZC.07.A.3M_DNA",0.3055,0.1242,0.2551,1e-04,0.0355,0.0076,0.1007,0.0225,0.0377,0.0451,0.0267,0.0105
"HZH.HZC.09.A.1M_DNA",0.525,0.0337,0.1663,0.086,0.0036,0.0104,0.0499,0.0127,0.0169,0.0292,0.0208,0.0228
"HZH.HZC.09.A.2M_DNA",0.5847,0.0624,0.1542,0.0346,0,0.0127,0.0287,0.0089,0.012,0.024,0.0213,0.0422
"HZH.HZC.09.A.3M_DNA",0.3341,0.0515,0.2775,0.0596,0.0507,0.0017,0.1041,0.0037,0.0175,0.0548,0.0187,0.0058
"HZH.HZC.09.A.4M_DNA",0.649,0.0427,0.1948,0.0211,0,0.0048,0.0048,0.0149,0.0115,0.0076,0.013,0.0192
"HZH.HZC.09.A.5M_DNA",0.3417,0.0997,0.1677,0,0.0186,0.0062,0.1281,0.0067,0.0353,0.1247,0.0186,0.0162
"HZH.HZC.09.B.1M_DNA",0.3824,0.0869,0.3208,0.0823,0.0038,0,0.0252,0.0138,0.017,0.0205,0.0122,0.0156
"HZH.HZC.09.B.2M_DNA",0.256,0.1585,0.2507,0.073,0.0132,0.0011,0.0225,0.0156,0.051,0.0881,0.0225,0.0204
"HZH.HZC.09.B.3M_DNA",0.3157,0.1406,0.3432,0.1027,0.0013,0,0.0076,0.0162,0.027,0.0026,0.0085,0.0146
"HZH.HZC.10.A.1M_DNA",0.1064,0.0577,0.4256,0.0763,0.0021,0.1839,0.0094,0.0033,0.0323,0.0329,0.0143,0.0057
"HZH.HZC.10.A.2M_DNA",0.0569,0.0371,0.4402,0.1913,0.0027,0.0988,0.0047,0.0143,0.0228,0.0156,0.0064,0.0592
"HZH.HZC.10.A.3M_DNA",0.1276,0.0273,0.2833,0.1207,0,0.313,0.0023,0.0055,0.0342,0.0063,0.0101,0.0208
"HZA.HZF.01.A.1M_RNA",0.3628,0.0028,0.3629,0.017,0.1244,0,0.0184,0.0049,0.0663,0.0122,0.0069,0.004
"HZA.HZF.01.A.2M_RNA",0.2252,0.0434,0.4848,0.009,0.0813,0,0.0141,0.0034,0.0833,0.0203,0.0076,0.0081
"HZA.HZF.01.A.3M_RNA",0.3364,0.048,0.3132,0.039,0.0125,0,0.0523,0.0471,0.085,0.0253,0.0026,0.0198
"HZA.HZF.02.A.1M_RNA",0.5568,0.0399,0.1991,0,0.0856,0,0.0099,0.0128,0.052,0.0102,0.0078,0.0048
"HZA.HZF.02.A.2M_RNA",0.4937,0.0284,0.386,0,0.0029,0,0,0.0249,0.0459,0.0089,7e-04,0.0027
"HZA.HZF.02.B.1M_RNA",0.4487,0.0397,0.2473,0,0.005,0,0.0285,0.0038,0.0754,0.0992,0.0091,0.0034
"HZA.HZF.02.B.2M_RNA",0.6761,0.0221,0.1777,0,8e-04,0,0.0016,0.0214,0.0508,0.0231,0.0179,0.0071
"HZA.HZF.02.B.3M_RNA",0.7118,0.011,0.1684,0,1e-04,0,0.0101,0.0153,0.0506,0.0114,0.0076,0.0041
"HZA.HZF.02.C.1M_RNA",0.5493,0.0249,0.2256,0,0,0,0.0681,0.0048,0.0864,0.0129,0.0093,0.0057
"HZA.HZF.02.C.4M_RNA",0.6136,0,0.0818,0.0138,0.0037,0,0.0438,0.0133,0.1664,0.02,4e-04,6e-04
"HZA.HZF.02.C.5M_RNA",0.6107,0.0051,0.1601,0.04,0.0031,0,0.0308,0.0067,0.0332,0.0244,0.0224,0.0136
"HZA.HZF.02.C.6M_RNA",0.4654,0.0285,0.3311,0,0.0795,0,0.0057,0.0063,0.0519,0.0062,0.0023,0.0046
"HZA.HZF.02.C.7M_RNA",0.1491,0.0639,0.5905,0.0152,0,0,0.0012,0.0415,0.0719,0.0067,0.0019,0.0228
"HZA.HZF.02.D.1M_RNA",0.5702,0.0299,0.1729,0.1386,0,0,6e-04,0.0176,0.0301,0.0246,0.0037,0.0053
"HZA.HZF.03.A.1M_RNA",0.3184,0.0216,0.3645,0.0216,0.1343,0,0.0138,0.0121,0.0565,0.02,0.0088,0.0076
"HZA.HZF.03.A.2M_RNA",0.0193,0.0555,0.6149,0.0834,0.0027,0,0.0528,0.0499,0.0486,0.0331,0.0045,0.0025
"HZA.HZF.03.A.3M_RNA",0.6019,0.0103,0.2863,0.0173,0.0313,0,0.0018,0.0067,0.0208,0.0085,0.0053,8e-04
"HZA.HZF.03.A.4M_RNA",0.2462,0.013,0.4626,0.0532,0.079,0,0.0681,0.0021,0.033,0.0117,0.0091,0.0011
"HZA.HZF.03.B.1M_RNA",0.5248,0.0019,0.2285,0.0499,0.0414,0,0.0364,0.0024,0.0667,0.0117,0.0031,0.0142
"HZA.HZF.03.B.2M_RNA",0.6882,5e-04,0.1044,0.0258,0,0,0.0308,2e-04,0.067,0.0636,3e-04,0.0026
"HZA.HZF.03.B.3M_RNA",0.4152,0.003,0.3156,0.0098,0.0015,0,0.0384,0.0013,0.1221,0.0451,0.0073,0.0081
"HZA.HZF.04.A.1M_RNA",0.0337,0.0038,0.4862,0.0158,0.1089,0,0.0524,0.011,0.1549,0.0209,0.0036,0.0572
"HZA.HZF.04.A.2M_RNA",0.1176,0.0224,0.3451,0.0084,0.1313,0,0.0425,0.0136,0.1652,0.0565,0.0084,0.0268
"HZA.HZF.04.A.3M_RNA",0.6519,0.0097,0.1397,0,0.004,0,0.0132,0.0012,0.068,0.0863,0.0027,0.0046
"HZA.HZF.04.B.1M_RNA",0.5056,0.0095,0.2905,0.0351,0.0436,0,0.0019,0.0075,0.0482,0.0323,7e-04,0.0162
"HZA.HZF.05.B.1M_RNA",0.7277,0.0144,0.0685,0.0458,0.0196,0,0.0081,0.0046,0.0594,0.0197,0.0024,0.0039
"HZA.HZF.05.B.2M_RNA",0.6944,0.0075,0.0808,0.0513,0.0308,0,0.0064,0.0092,0.0592,0.0211,0.0037,0.0076
"HZA.HZF.05.B.3M_RNA",0.6801,0.011,0.1439,0.0516,0.0256,0,0.0141,0.001,0.0308,0.0088,0.0057,0.0092
"HZA.HZF.05.B.4M_RNA",0.4205,0.0385,0.2148,0.1451,0.0338,0,0.0281,0.0082,0.0508,0.0186,0.0059,0.0086
"HZA.HZF.05.C.1M_RNA",0.1227,0.0501,0.6444,0.0258,0.0418,0,0.0163,0.0076,0.0263,0.0399,0.0064,0.0151
"HZA.HZF.06.A.1M_RNA",0.1948,0.0114,0.4095,0.0852,0.01,0,0.0938,0.0219,0.096,0.0299,0.0033,0.0116
"HZA.HZF.06.A.2M_RNA",0.3118,0.0101,0.34,0.0598,0,0,0.0304,0.0265,0.1473,0.0261,0.0078,0.0233
"HZA.HZF.06.A.3M_RNA",0.3618,0.027,0.3779,0.0325,0.0026,0,0.1223,0.0095,0.0273,0.0167,0.0022,0.0133
"HZA.HZF.06.B.1M_RNA",0.2138,0.0249,0.4722,0.1156,0,0,0.003,0.0455,0.0346,0.0425,0.0144,0.0192
"HZA.HZF.06.B.2M_RNA",0.3691,0.0303,0.4072,0.0104,0,0,0.0267,0.009,0.0441,0.0385,0.0347,0.0104
"HZA.HZF.06.B.3M_RNA",0.294,0.0039,0.5001,0.0084,0,0,0.0052,0.0187,0.1009,0.02,0.0074,0.0137
"HZA.HZF.06.B.4M_RNA",0.5616,0.0213,0.2018,0.0675,1e-04,0,0.0307,0.0076,0.0399,0.0104,0.0254,0.0064
"HZA.HZF.06.C.3M_RNA",0.4883,0.0017,0.3002,0.0577,0.0015,0,0.0677,0.0062,0.0315,0.0145,0.0022,0.0074
"HZA.HZF.06.C.4M_RNA",0.3682,9e-04,0.1303,0.1233,8e-04,0,0.0552,1e-04,0.1262,0.1488,0.0038,0.0096
"HZA.HZF.06.C.5M_RNA",0.0773,0.0033,0.3934,0.0381,0.0018,0,0.0897,0.0233,0.1855,0.1076,0.0027,0.0366
"HZB.HZG.01.A.1M_RNA",0.2852,0.0182,0.4155,0.0568,0,0,0.0332,0.0441,0.0545,0.0175,0.0165,0.0359
"HZB.HZG.01.A.2M_RNA",0.2124,0.0242,0.4473,0.0107,0.0017,0,0.0788,0.0178,0.1552,0.0164,0.0062,0.0174
"HZB.HZG.01.B.1M_RNA",0.54,0.0123,0.2591,0,0.0024,0,0.0273,0.0256,0.071,0.0178,0.0219,0.0076
"HZB.HZG.01.C.1M_RNA",0.323,0.0068,0.4067,0.033,9e-04,0,0.0011,0.0428,0.1262,0.0201,0.0197,0.0162
"HZB.HZG.01.C.2M_RNA",0.1049,0.0039,0.4775,0.1551,0.0042,0,0.043,0.0194,0.1106,0.0405,0.0206,0.0131
"HZB.HZG.01.C.3M_RNA",0.2523,0.0043,0.4234,0.1374,0.0028,0,0.0344,0.0189,0.0724,0.0144,0.0137,0.0172
"HZB.HZG.02.A.1M_RNA",0.5043,0.0152,0.2657,0.0177,3e-04,0,0.027,0.0297,0.0712,0.0151,0.0235,0.0163
"HZB.HZG.02.A.2M_RNA",0.6297,0.0178,0.2323,0.0041,0.0012,0,0.0116,0.0059,0.0609,0.0077,0.0112,0.0069
"HZB.HZG.02.A.3M_RNA",0.6613,0.0131,0.102,0.0207,2e-04,0,0.1101,0.0017,0.0503,0.0202,0.004,0.0068
"HZB.HZG.02.A.4M_RNA",0.3904,0.0152,0.2397,0.0037,0.0029,0,0.132,0.0023,0.0754,0.087,0.0062,0.0063
"HZB.HZG.02.B.1M_RNA",0.4014,0.0101,0.3438,0.0521,0.0041,0,0.0285,0.0289,0.0658,0.0358,0.0116,0.0099
"HZB.HZG.02.B.2M_RNA",0.6432,0.0088,0.2109,0,0.003,0,0.0304,0.0099,0.0404,0.0366,0.0035,0.0095
"HZB.HZG.02.B.3M_RNA",0.3957,0.0055,0.3137,0,0.0026,0,0.0393,0.0041,0.1286,0.0576,0.0043,0.0156
"HZB.HZG.03.A.1M_RNA",0.2912,0.0041,0.4207,0.0353,0.0015,0,0.0399,0.0264,0.1046,0.0211,0.0164,0.0268
"HZB.HZG.03.B.1M_RNA",0.3425,0.0012,0.4186,0.0143,0.0019,0,0.0159,0.0489,0.106,0.02,0.0134,0.0068
"HZB.HZG.03.B.2M_RNA",0.2392,0.0018,0.4841,0.0485,0,0,0,0.0416,0.0874,0,0.0687,0.018
"HZB.HZG.03.B.3M_RNA",0.1351,0.0045,0.4808,0.0623,0.0017,0,0.0318,0.0331,0.1769,0.0202,0.0287,0.0139
"HZB.HZG.03.B.4M_RNA",0.2066,0.0094,0.5095,0,0,0,0,0.0163,0.1704,0.0014,0.0411,0.0371
"HZB.HZG.04.A.1M_RNA",0.1634,0.043,0.5386,0.0318,4e-04,0,8e-04,0.0259,0.1341,0.0039,0.0123,0.0229
"HZB.HZG.04.A.2M_RNA",0.4414,0.0064,0.4346,0.0454,1e-04,0,8e-04,0.011,0.0369,0.003,0.0119,0.0026
"HZB.HZG.04.B.1M_RNA",0.4541,0.0028,0.2904,0.0269,0.0015,0,0.0724,0.0101,0.084,0.0361,0.0049,0.0065
"HZB.HZG.04.B.2M_RNA",0.1625,0.0121,0.5092,5e-04,0.003,0,0.0395,0.0541,0.1313,0.0291,0.0247,0.0223
"HZB.HZG.04.B.3M_RNA",0.3405,0.0048,0.4214,0.0486,0.0014,0,0.0051,0.0265,0.0768,0.0223,0.016,0.0297
"HZB.HZG.04.B.4M_RNA",0.5278,0.0048,0.2891,0.0147,0,0,0.0131,0.0266,0.0902,0.0167,0.0049,0.0058
"HZB.HZG.05.A.1M_RNA",0.3789,0.006,0.4144,0.0585,0.0019,0,0.0044,0.0332,0.0615,0.0131,0.0133,0.0088
"HZB.HZG.05.A.2M_RNA",0.198,0.004,0.5435,0.0144,0.0033,0,0.0106,0.0357,0.1192,0.0325,0.0139,0.0149
"HZB.HZG.05.A.3M_RNA",0.519,0.0086,0.296,0.0075,0.0034,0,0.0144,0.0117,0.0981,0.0152,0.0098,0.0115
"HZB.HZG.05.A.4M_RNA",0.2882,0.0225,0.44,0.0112,0.0034,0,0.0253,0.023,0.109,0.0278,0.0182,0.0171
"HZB.HZG.05.B.1M_RNA",0.5938,0.0025,0.2748,0.0317,0,0,0.0067,0.0137,0.0267,0.0131,0.0149,0.0119
"HZB.HZG.05.B.2M_RNA",0.3117,0.0014,0.4374,0.0542,0.0032,0,0.0413,0.0192,0.0743,0.042,0.0059,0.0044
"HZB.HZG.05.B.3M_RNA",0.3536,0.0109,0.1365,0.0032,0,0,0.0062,0.0065,0.0311,0.0107,0.002,0.0047
"HZB.HZG.05.B.4M_RNA",0.2674,0.0089,0.455,0.0487,0.0017,0,0.028,0.0158,0.0888,0.029,0.0182,0.0258
"HZB.HZG.05.B.5M_RNA",0.5966,0.0362,0.2408,0.0072,0.0014,0,0.0067,0.0247,0.0454,0.0121,0.0092,0.0124
"HZB.HZG.05.B.6M_RNA",0.5153,0.0195,0.2894,0.0284,0.0018,0,0.0063,0.0158,0.0727,0.0188,0.0102,0.0182
"HZB.HZG.05.B.7M_RNA",0.2656,0.0829,0.4914,0.0129,8e-04,0,0.0188,0.01,0.0292,0.0337,0.0202,0.0187
"HZB.HZG.06.A.1M_RNA",0.3111,0.0223,0.3594,0.1603,0.0017,0,0.01,0.0145,0.0598,0.0143,0.0175,0.0162
"HZB.HZG.06.A.2M_RNA",0.544,0.0108,0.2125,0.1023,4e-04,0,0.0041,0.018,0.0751,0.0146,0.0073,0.0034
"HZB.HZG.06.B.1M_RNA",0.0862,0.0922,0.4602,0.0059,0.0141,0,0.141,0.0014,0.124,0.0346,0.0112,0.0107
"HZB.HZG.06.B.2M_RNA",0.1511,8e-04,0.5945,0.0612,0,0,0,0.0328,0.0752,0.0136,0.0225,0.0339
"HZB.HZG.06.B.3M_RNA",0.2726,0.0386,0.4572,0.0225,0,0,0,0.0206,0.069,0.0014,0.0627,0.0277
"HZC.HZA.01.A.1M_RNA",0.4891,0.0228,0.257,0,0.1166,0,0.0186,0.0022,0.0503,0.0164,0.0063,0.0085
"HZC.HZA.01.A.2M_RNA",0.1451,0.0302,0.5928,0.0234,0.0913,0,0.0172,0.0013,0.0387,0.0146,0.0054,0.0111
"HZC.HZA.01.A.3M_RNA",0.1624,0.0179,0.6144,0.0048,0.0825,0,0.0123,0.0044,0.0446,0.0126,0.0041,0.0129
"HZC.HZA.01.A.4M_RNA",0.2801,0.0399,0.5104,0.0119,0.0305,0,0.0088,0.009,0.0648,0.0103,0.0041,0.0142
"HZC.HZA.01.B.1M_RNA",0.3541,0.0144,0.4825,0.0069,0.004,0,0.0052,0.0112,0.0862,0.0121,0.001,0.0171
"HZC.HZA.01.C.2M_RNA",0.5184,0.002,0.258,0.1047,0.0508,0,0.008,0.003,0.0324,0.004,0.0031,0.0103
"HZC.HZA.01.C.3M_RNA",0.2743,0.0178,0.4357,0.0737,0.0204,0,0.0017,0.0271,0.0859,0.0129,0.005,0.0381
"HZC.HZA.01.C.4M_RNA",0.4525,0.0304,0.2974,0.1022,0.0488,0,0.0075,0.0022,0.0343,0.0053,0.0045,0.0109
"HZC.HZA.02.A.1M_RNA",0.3885,0.0349,0.275,0.0257,0.1078,0,0.0193,0.0023,0.0643,0.0258,0.0119,0.0057
"HZC.HZA.02.A.2M_RNA",0.1328,0.0146,0.5361,0.0112,0.0555,0,0.0231,0.003,0.1264,0.0272,0.0225,0.0159
"HZC.HZA.02.A.3M_RNA",0.284,0.0228,0.3491,0.0439,0.1171,0,0.0264,0.0013,0.0667,0.0289,0.0128,0.016
"HZC.HZA.02.A.4M_RNA",0.3778,0.0042,0.3162,0.0529,0.0641,0,0.0232,0.0015,0.0866,0.0301,0.0054,0.0084
"HZC.HZA.02.C.2M_RNA",0.5846,0.0461,0.1761,0.0121,0.0573,0,0.0334,4e-04,0.0157,0.0283,0.0069,0.0157
"HZC.HZA.02.C.3M_RNA",0.5871,0.0079,0.2674,0.0221,0.0379,0,0.0075,3e-04,0.0252,0.0061,0.0094,0.0166
"HZC.HZA.02.D.2M_RNA",0.3752,0.0073,0.4959,0.051,0.014,0,0.0149,0.0024,0.0138,0.0077,0.004,0.0041
"HZC.HZA.02.D.3M_RNA",0.3229,0.0175,0.4593,0.0618,0.0291,0,0.0038,4e-04,0.0729,0.0055,0.0052,0.0092
"HZC.HZA.03.B.1M_RNA",0.326,0.0708,0.2737,0.0373,0.0994,0,0.0148,0.0048,0.1099,0.0154,0.0152,0.0108
"HZC.HZA.03.B.2M_RNA",0.2264,0.0326,0.4738,0.0206,0.0551,0,0.0092,0.0027,0.1038,0.0241,0.0136,0.0082
"HZC.HZA.03.B.3M_RNA",0.4485,0.0142,0.4122,0.0227,0.0416,0,0.0161,0.0013,0.0227,0.01,0.0044,0.003
"HZC.HZA.03.B.4M_RNA",0.0724,3e-04,0.5957,0.0089,0.1654,0,0.017,0.0114,0.0723,0.0157,0.0089,0.0095
"HZC.HZA.03.B.5M_RNA",0.2046,0.0316,0.4855,0.0184,0.1231,0,0.0222,0.0033,0.0754,0.0153,0.0074,0.003
"HZC.HZA.03.C.1M_RNA",0.2625,0.0171,0.556,0.0217,0.0417,0,0.0095,0.0096,0.0444,0.014,0,0.0196
"HZC.HZA.03.C.2M_RNA",0.1204,0.0664,0.5315,0.0203,0,0,0.0888,0.0074,0.0745,0.0531,0.0014,0.0264
"HZC.HZA.03.C.3M_RNA",0.4521,0.0263,0.3222,0.0115,0.0033,0,0.0595,0.0055,0.0735,0.0327,0.0037,0.0058
"HZC.HZA.03.C.4M_RNA",0.1102,0.0321,0.5835,0.021,0,0,0.0782,0.032,0.1011,0.0239,0.0037,0.0074
"HZC.HZA.03.C.5M_RNA",0.4468,0.057,0.3864,0.018,7e-04,0,0.0389,0.004,0.0171,0.0118,0.0117,0.002
"HZC.HZA.03.D.1M_RNA",0.3808,0.0134,0.2877,0.0481,0.0513,0,0.0494,0.0181,0.0948,0.0235,0.0037,0.0206
"HZC.HZA.03.D.2M_RNA",0.2619,0.0116,0.3675,0.0423,0.0456,0,0.0326,0.0089,0.1435,0.0295,0.0036,0.0461
"HZC.HZA.03.D.3M_RNA",0.0582,0.0286,0.6588,0.0205,0.0101,0,0.0526,0.0212,0.0733,0.0169,0.0011,0.0502
"HZC.HZA.03.D.4M_RNA",0.158,0.0036,0.5555,0.0173,0.0166,0,0.0064,0.0059,0.0994,0.0075,0.0022,0.1215
"HZC.HZA.03.D.5M_RNA",0.2122,0.0029,0.5834,0.0268,0.061,0,0.0102,0.0061,0.0656,0.0102,0.0032,0.0142
"HZC.HZA.04.A.1M_RNA",0.03,0.0325,0.3846,0.0054,0.0983,0,0.0903,0.0012,0.2346,0.0318,0.0365,0.01
"HZC.HZA.04.A.2M_RNA",0.2184,0.0905,0.305,0.0131,0.1201,0,0.0968,0.001,0.0634,0.0317,0.0251,0.006
"HZC.HZA.04.A.3M_RNA",0.0376,0.0689,0.4159,0.0202,0.0987,0,0.0692,0.0039,0.2055,0.0225,0.018,0.0268
"HZC.HZA.04.A.4M_RNA",0.4576,0.0115,0.307,0.0303,0,0,0.091,0.0029,0.0515,0.025,7e-04,0.0077
"HZC.HZA.04.B.1M_RNA",0.0611,0.0554,0.5441,0.0337,0.1159,0,0.0207,0.005,0.069,0.0324,0.0071,0.0271
"HZC.HZA.04.C.1M_RNA",0.3977,0.0289,0.3695,0.06,0.0234,0,0.021,0.0116,0.0532,0.0048,0.0041,0.0175
"HZC.HZA.04.C.2M_RNA",0.4844,0.0245,0.3012,0.02,0.0317,0,0.0128,0.005,0.0568,0.0193,0.0064,0.0138
"HZC.HZA.04.C.3M_RNA",0.5214,0.027,0.2866,0.0128,0.0326,0,0.0197,0.0018,0.0356,0.0236,0.0047,0.0066
"HZC.HZA.04.D.1M_RNA",0.6976,0.0085,0.1905,0.0093,0.0323,0,0.0045,0.0034,0.0303,0.0055,0.0013,0.0112
"HZD.HZE.01.A.2M_RNA",0.141,0.0523,0.5256,0.0805,0,0,0.0043,0.0439,0.0657,0.0442,0.0034,0.0163
"HZD.HZE.01.A.3M_RNA",0.2564,0.0626,0.3841,0.0888,0,0,0.0174,0.0393,0.0774,0.0509,0.0045,0.0088
"HZD.HZE.01.A.4M_RNA",0.167,0.0737,0.4958,0.0681,0,0,0,0.0367,0.0964,0.0384,0.0011,0.0138
"HZD.HZE.01.A.5M_RNA",0.3349,0.0137,0.404,0.0445,0,0,0.0437,0.0229,0.0995,0.0157,2e-04,0.0128
"HZD.HZE.01.B.1M_RNA",0.4559,0.0182,0.3726,0.0675,0,0,0,0.0114,0.0624,0,0.0022,0.0055
"HZD.HZE.01.B.2M_RNA",0.3923,0.0053,0.4198,0.062,0,0,0.0098,0.0118,0.0717,0.0103,4e-04,0.0105
"HZD.HZE.01.B.3M_RNA",0.1377,0.1148,0.4855,0.0234,0,0,0,0.0803,0.0915,0.0248,0.0026,0.0107
"HZD.HZE.01.B.4M_RNA",0.0935,0.0461,0.6974,0.0416,0,0,0.0019,0.0457,0.0286,0.0065,0.003,0.0216
"HZD.HZE.01.C.1M_RNA",0.2056,0.0623,0.4766,0.0493,0,0,0.0012,0.0765,0.0799,0.0289,0.001,0.0108
"HZD.HZE.01.C.2M_RNA",0.4261,0.0332,0.2965,0.0478,0,0,0,0.0387,0.0823,0.0179,0.0164,0.0207
"HZD.HZE.01.C.3M_RNA",0.5649,0.0084,0.2694,0.0733,0,0,5e-04,0.0231,0.0427,0.002,0.0015,0.0076
"HZD.HZE.01.D.1M_RNA",0.3129,0.0184,0.4318,0.1147,0,0,0,0.0179,0.0687,0.0028,7e-04,0.0232
"HZD.HZE.02.A.1M_RNA",0.2155,0.0399,0.5637,0.0262,0,0,0.0326,0.0198,0.0665,0.0111,0.0011,0.0148
"HZD.HZE.02.A.2M_RNA",0.3296,0.0483,0.411,0.0043,0,0,0.0733,0.0115,0.0908,0.0194,0,0.0044
"HZD.HZE.02.A.3M_RNA",0.2444,0.0421,0.4103,0.1036,0,0,0.0643,0.0166,0.0818,0.0191,2e-04,0.0091
"HZD.HZE.02.B.1M_RNA",0.2593,0.0593,0.5033,0.009,0,0,0,0.0215,0.0996,0.0084,0,0.0191
"HZD.HZE.02.B.2M_RNA",0.302,0.0485,0.3871,0.113,0,0,0,0.0158,0.0708,0.0275,0.0018,0.0225
"HZD.HZE.02.B.3M_RNA",0.438,0.0226,0.3552,0.054,0,0,0.0201,0.0114,0.0252,0.0182,7e-04,0.0381
"HZD.HZE.02.B.4M_RNA",0.3071,0.0335,0.5073,0.0475,0,0,0,0.0138,0.0423,0.0028,0.0011,0.0235
"HZD.HZE.02.B.5M_RNA",0.2455,0.0684,0.5701,0.0095,0,0,0,0.0412,0.0362,0.0089,0.0025,0.0115
"HZD.HZE.02.C.2M_RNA",0.2017,0.104,0.4543,0.0424,0,0,0.0161,0.0423,0.0673,0.0391,7e-04,0.017
"HZD.HZE.02.C.3M_RNA",0.1185,0.0923,0.655,0.0471,0,0,0,0.0206,0.0295,0.0184,0.0054,0.0053
"HZD.HZE.02.D.1M_RNA",0.3469,0.0098,0.5315,0.0153,0,0,0,0.0159,0.0526,0.0073,6e-04,0.012
"HZD.HZE.02.D.2M_RNA",0.1961,0.02,0.5554,0.0472,0,0,0,0.0287,0.1023,0.0216,0.0011,0.0172
"HZD.HZE.02.D.3M_RNA",0.3999,0.013,0.4517,0.0018,0,0,0.0013,0.0295,0.0506,0.0104,9e-04,0.0365
"HZD.HZE.02.D.5M_RNA",0.4961,0.0178,0.3456,0.0264,0,0,0,0.017,0.081,0.0014,0,0.0119
"HZD.HZE.02.D.6M_RNA",0.3258,0.012,0.4641,0.0149,0,0,5e-04,0.0125,0.0835,0.0081,0.0065,0.0636
"HZD.HZE.03.A.1M_RNA",0.2458,0.1062,0.379,0,0,0,0.0237,0.0526,0.0907,0.0611,0.0167,0.0123
"HZD.HZE.03.B.2M_RNA",0.2791,0.0268,0.5517,0.0143,0,0,0.0115,0.0197,0.054,0.0157,0.0021,0.015
"HZD.HZE.03.B.3M_RNA",0.1483,0.0033,0.5715,0.0331,0,0,5e-04,0.0192,0.1539,0.0184,0.0077,0.0337
"HZD.HZE.03.B.4M_RNA",0.2482,0.0245,0.4633,0.034,0,0,0.0068,0.0283,0.0658,0.0467,0.0335,0.0334
"HZD.HZE.03.B.5M_RNA",0.0993,0.0605,0.4603,0.0094,0,0,0.19,0.0123,0.0703,0.0454,0.0172,0.0142
"HZD.HZE.04.A.1M_RNA",0.3738,0.0106,0.5056,0,0.0011,0,2e-04,0.0134,0.0724,3e-04,0.0031,0.0163
"HZD.HZE.04.A.2M_RNA",0.5983,0.0179,0.2761,0,0.01,0,0.002,0.0095,0.0658,0.0021,0.002,0.0093
"HZD.HZE.04.A.3M_RNA",0.3914,0.0481,0.3382,0,0.0773,0,0.0024,0.0097,0.0868,0.0042,0.012,0.0113
"HZD.HZE.04.B.1M_RNA",0.3332,0.0029,0.3962,0.003,0.1054,0,0.013,0.0096,0.1054,0.0104,0.0048,0.0087
"HZD.HZE.04.B.2M_RNA",0.1596,0.0034,0.6006,0.0593,0,0,0.0026,0.0491,0.0825,0.0154,0.0064,0.0175
"HZD.HZE.04.B.3M_RNA",0.2568,0.0185,0.4788,0.0605,0,0,3e-04,0.0344,0.0741,0.0208,0.0185,0.014
"HZD.HZE.04.B.4M_RNA",0.6081,0.0037,0.2192,0.0447,0.001,0,0.0018,0.0183,0.0838,0.0041,0.0014,0.012
"HZD.HZE.04.B.5M_RNA",0.0194,0.0221,0.5687,0.098,0,0,0.0219,0.0597,0.1441,0.0134,0.0192,0.0144
"HZE.HZB.01.A.1M_RNA",0.0012,0.1053,0.557,0,0,0,0.0142,0.0514,0.1631,0.0078,0.0178,0.0401
"HZE.HZB.01.A.2M_RNA",0.0974,0.0275,0.7227,0,0,0,0.0255,0.0249,0.0194,0.0447,0.0058,0.02
"HZE.HZB.01.A.3M_RNA",0.1302,0.025,0.7134,0,0,0,0.0419,0.0229,0.0386,0.0042,0.0014,0.0072
"HZE.HZB.02.A.1M_RNA",0.2708,0.0594,0.4233,0.0519,0,0,0.0257,0.0049,0.0715,0.0241,0.0305,0.0091
"HZE.HZB.02.A.2M_RNA",0.5327,0.0041,0.3262,0.0657,0,0,0,0.0081,0.045,0.0024,0.0015,0.0077
"HZE.HZB.02.B.1M_RNA",0.0305,0.0336,0.6394,0.0917,0,0,0,0.0211,0.1285,0.0172,0.0039,0.0284
"HZE.HZB.02.B.2M_RNA",0.2964,0.001,0.293,0.3415,0,0,0,0.0039,0.0412,0.0027,5e-04,0.0195
"HZE.HZB.02.B.3M_RNA",0.378,0.0038,0.4703,0.0314,0,0,6e-04,0.0126,0.0749,0.0078,7e-04,0.0179
"HZE.HZB.02.C.1M_RNA",0.5331,0.0658,0.2489,0.0333,0,0,0.0021,0.0154,0.0776,7e-04,0.0015,0.0099
"HZE.HZB.02.C.2M_RNA",0.6284,0.0081,0.2781,0.0226,0,0,0,0.0079,0.0388,2e-04,5e-04,0.0107
"HZE.HZB.02.C.3M_RNA",0.2506,0.0525,0.3572,0.0524,0,0,0,0.0424,0.1595,0.0365,0,0.0181
"HZE.HZB.02.C.4M_RNA",0.3146,0.006,0.439,0.1425,0,0,0,0.006,0.0642,0.0034,0.0031,0.0093
"HZE.HZB.03.A.1M_RNA",0.6108,0.0253,0.2377,0,0,0,0,0.0273,0.078,0.004,0.006,0.0047
"HZE.HZB.03.A.2M_RNA",0.4226,0.034,0.376,0,0,0,0.0703,0.0139,0.0489,0.0098,0.0027,0.0149
"HZE.HZB.03.A.3M_RNA",0.5042,0.0133,0.3675,0,0,0,0.0222,0.0109,0.0469,0.0159,0.0016,0.011
"HZE.HZB.03.A.4M_RNA",0.3733,0.1118,0.3512,0,0,0,0.0397,0.0094,0.0746,0.0168,0.0136,0.0038
"HZE.HZB.03.A.5M_RNA",0.3011,0.0473,0.3732,0,0,0,0.0408,0.0442,0.1063,0.06,0.0019,0.015
"HZE.HZB.03.B.1M_RNA",0.471,0.0064,0.3428,0.0283,0,0,0,0.0306,0.1045,0.0081,0.001,0.0042
"HZE.HZB.03.B.2M_RNA",0.3086,0.0173,0.2765,0.2556,0,0,0,0.0378,0.0552,0.0051,0.0017,0.0215
"HZE.HZB.03.B.3M_RNA",0.4587,0.0067,0.4163,0.1015,0,0,0.0037,0.0018,0.0066,0.0017,0,0.002
"HZE.HZB.03.C.2M_RNA",0.1717,0.0191,0.5748,0.0237,0,0,0.0044,0.0254,0.1496,0.0057,0.001,0.0162
"HZE.HZB.03.C.3M_RNA",0.1241,0.0119,0.5384,0.0806,0,0,0.0097,0.0387,0.1345,0.0213,0.0059,0.0257
"HZE.HZB.03.C.4M_RNA",0.1442,0.0223,0.6153,0.0162,0,0,0.0034,0.0291,0.0837,0.0141,0.0119,0.0386
"HZE.HZB.03.C.5M_RNA",0.2103,0.0354,0.4865,0.0434,0.004,0,0.0138,0.0196,0.0925,0.0248,0.0163,0.0234
"HZE.HZB.04.A.1M_RNA",0.0731,0.0386,0.5791,0.0128,0.0331,0,0.0029,0.0499,0.1737,0.0101,0.0053,0.0146
"HZE.HZB.04.A.2M_RNA",0.5641,0.0134,0.2968,0.0165,0,0,0.0025,0.0075,0.0819,0.0048,0.002,0.0075
"HZE.HZB.04.A.3M_RNA",0.3151,0.0075,0.488,0.0142,0,0,0,0.0298,0.102,0.0087,0.0067,0.0264
"HZE.HZB.04.B.1M_RNA",0.204,0.0022,0.3594,0.067,0,0,0.0578,0.0155,0.1705,0.0524,0.0019,0.0582
"HZE.HZB.04.B.2M_RNA",0.2167,0.0182,0.516,0.0239,0,0,0,0.022,0.0736,0.0024,4e-04,0.0222
"HZE.HZB.04.B.3M_RNA",0.2789,0.0286,0.516,0.0143,0,0,0,0.0172,0.106,0.0021,0.0061,0.023
"HZE.HZB.04.B.4M_RNA",0.1124,0.0176,0.6422,0.0374,0,0,0,0.0224,0.1006,0.0061,0.0203,0.0319
"HZE.HZB.04.B.5M_RNA",0.2262,0.0274,0.3978,0.1738,0,0,0,0.0302,0.103,0.0027,0.0112,0.02
"HZE.HZB.05.A.2M_RNA",0.4981,0.0441,0.3307,0.0196,0,0,0.0153,0.0063,0.0651,0.012,7e-04,0.0069
"HZE.HZB.06.A.1M_RNA",0.3819,0.0305,0.2852,0.0145,0,0,0.0491,0.0016,0.1096,0.0612,0.0557,0.004
"HZE.HZB.06.A.2M_RNA",0.4761,0.0064,0.3681,0.0548,0,0,0,0.0215,0.0396,0.0056,0.0066,0.0202
"HZE.HZB.06.B.1M_RNA",0.2604,0.0364,0.5258,0.0723,0,0,0.009,0.0047,0.0485,0.0089,0.017,0.0058
"HZE.HZB.06.B.2M_RNA",0.5358,0.0037,0.3072,0.0873,0,0,3e-04,0.0175,0.0311,0.0051,0.0042,0.0039
"HZE.HZB.06.B.3M_RNA",0.5205,0.0197,0.3275,0.0304,0,0,0,0.0357,0.0352,0.0028,2e-04,0.0235
"HZE.HZB.06.B.4M_RNA",0.3862,0.0137,0.2934,0.0924,0,0,0,0.0526,0.1016,0.0169,0.0022,0.0329
"HZE.HZB.06.B.5M_RNA",0.0549,0.0083,0.6143,0.0921,0,0,0.1505,0.0083,0.0455,0.0021,8e-04,0.0199
"HZF.HZH.01.A.1M_RNA",0.2477,0.0023,0.4736,0,0,0,0.0269,0.0396,0.11,0.0573,3e-04,0.0141
"HZF.HZH.01.A.2M_RNA",0.3938,0.0212,0.3829,0,0,0,0.0074,0.041,0.0858,0.0379,0.0075,0.0171
"HZF.HZH.01.A.3M_RNA",0.2816,0.031,0.439,0,0,0,0.0037,0.0303,0.1192,0.0404,0.0064,0.0114
"HZF.HZH.01.A.4M_RNA",0.1246,0.0117,0.5581,0,0,0,0.0167,0.0252,0.224,0.016,0.0026,0.0172
"HZF.HZH.01.A.5M_RNA",0.3493,0.0148,0.4963,2e-04,0,0,0.0028,0.026,0.0693,0.0084,0.0045,0.0175
"HZF.HZH.01.B.1M_RNA",0.2918,0.034,0.4734,0,0.0044,0,0.0084,0.0562,0.0858,0.0157,0.0069,0.0114
"HZF.HZH.01.B.2M_RNA",0.3621,0.0172,0.408,0,0.0118,0,0.0241,0.0422,0.0549,0.0278,0.0061,0.0174
"HZF.HZH.01.B.3M_RNA",0.2931,0.0389,0.3473,0,0.021,0,0.0309,0.0555,0.1326,0.0283,0.0086,0.0169
"HZF.HZH.01.C.1M_RNA",0.128,0.0083,0.519,0.0701,0,0,3e-04,0.0385,0.1307,0.0289,0.0024,0.0116
"HZF.HZH.01.C.2M_RNA",0.5027,0.0402,0.3476,0.0433,0,0,0,0.0082,0.0208,0.0231,0.0021,0.0065
"HZF.HZH.02.A.2M_RNA",0.2127,0.017,0.5566,0,0,0,0.012,0.0351,0.105,0.0374,0.0044,0.0075
"HZF.HZH.02.B.2M_RNA",0.2291,0.0077,0.5692,0.0704,0,0,0,0.0204,0.0804,0.0028,0.0033,0.0104
"HZF.HZH.02.B.3M_RNA",0.3125,0.0408,0.481,0.0463,0,0,0,0.0054,0.0881,0.0015,9e-04,0.005
"HZF.HZH.02.C.1M_RNA",0.2405,0.0269,0.5295,0.0211,0,0,0,0.0343,0.104,0.0173,0.0027,0.0114
"HZF.HZH.02.D.1M_RNA",0.2626,0.0084,0.4297,0.0871,0,0,4e-04,0.0467,0.1193,0.0038,0.0053,0.0192
"HZF.HZH.02.D.2M_RNA",0.2514,0.0211,0.5295,0.0213,0.0023,0,0.005,0.0288,0.0869,0.0138,0.0111,0.0126
"HZF.HZH.02.E.1M_RNA",0.432,0.0164,0.3188,0,0,0,9e-04,0.0462,0.1044,0.0413,0.0126,0.0127
"HZF.HZH.02.E.2M_RNA",0.1533,0.0178,0.6086,0.0043,0,0,0.0096,0.0294,0.122,0.0164,0.0014,0.0257
"HZF.HZH.02.E.3M_RNA",0.13,0.0119,0.6668,0.0013,0,0,2e-04,0.0251,0.1248,0.0081,0.0075,0.0163
"HZF.HZH.02.E.4M_RNA",0.1613,0.004,0.6197,0.01,0,0,0,0.0178,0.1434,0.0089,0.002,0.0216
"HZF.HZH.02.E.5M_RNA",0.0958,6e-04,0.6008,0,0,0,0.0593,0.0158,0.186,0.0129,3e-04,0.025
"HZF.HZH.02.E.6M_RNA",0.2959,0.028,0.4119,0,0,0,6e-04,0.0502,0.1188,0.0174,0.0076,0.0362
"HZF.HZH.02.E.7M_RNA",0.2272,0,0.5659,0,0,0,6e-04,0.0169,0.143,0.0254,0.008,0.0098
"HZF.HZH.02.E.8M_RNA",0.3161,0.0084,0.4546,0,0,0,0.0111,0.0168,0.123,0.023,0.0095,0.0191
"HZF.HZH.03.A.2M_RNA",0.4601,0.015,0.3935,0.0149,0,0,3e-04,0.0265,0.0524,0.0045,0.0087,0.0136
"HZF.HZH.03.A.3M_RNA",0.3486,0.001,0.4846,0.0211,0.0027,0,0.0121,0.0166,0.0515,0.0221,0.0141,0.0114
"HZF.HZH.03.A.4M_RNA",0.3433,0.0045,0.4734,0.0226,0.0036,0,0.0665,0.0105,0.0296,0.0208,0.0091,0.006
"HZF.HZH.03.A.6M_RNA",0.3367,0.0028,0.4526,0.0077,0.0017,0,0.067,0.0065,0.0655,0.0161,0.0053,0.0119
"HZF.HZH.03.A.7M_RNA",0.2973,0.0027,0.5221,0.013,0,0,0.0014,0.0225,0.0734,0.0078,0.0047,0.019
"HZF.HZH.03.B.1M_RNA",0.3263,0.0116,0.3981,0.0058,0.005,0,0.0504,0.0159,0.0891,0.0417,0.0143,0.0169
"HZF.HZH.03.B.2M_RNA",0.3194,0.008,0.3244,0.1314,0.0013,0,0.0462,0.002,0.1028,0.0365,0.005,0.0104
"HZF.HZH.03.B.3M_RNA",0.1665,0.0094,0.3143,0.0079,0.0024,0,0.1192,0.0046,0.1691,0.0724,0.01,0.0687
"HZF.HZH.04.A.1M_RNA",0.4627,0.0138,0.3563,0.042,0.0063,0,0.0319,0.0077,0.0347,0.0281,0.0114,0.0026
"HZF.HZH.04.A.2M_RNA",0.4528,7e-04,0.1409,0.0123,0,0,0,0.0273,0.2064,0.1195,0.009,0.0014
"HZF.HZH.04.A.3M_RNA",0.6166,0,0.1601,0.019,0.0032,0,0.071,0.0043,0.0844,0.0351,9e-04,0.001
"HZF.HZH.04.A.4M_RNA",0.3788,0.002,0.1921,0.0115,0,0,0.1522,0.0047,0.1887,0.0523,0.0034,0.0041
"HZF.HZH.04.A.5M_RNA",0.5511,0.0142,0.2405,0.0383,0,0,0.0351,0.0113,0.0686,0.0104,0.0047,0.0056
"HZF.HZH.04.A.6M_RNA",0.3812,0,0.1959,0.0513,1e-04,0,0.2162,0.0035,0.1173,0.0277,0.001,9e-04
"HZF.HZH.04.A.7M_RNA",0.6256,2e-04,0.0895,0.121,0.003,0,0.0701,0.0023,0.0618,0.0202,0.0028,5e-04
"HZF.HZH.04.A.8M_RNA",0.3844,3e-04,0.1723,0.0193,0,0,0.2247,0.0057,0.1097,0.0642,0.004,8e-04
"HZG.HZD.01.A.1M_RNA",0.3102,0.0143,0.3912,0.0034,0.0046,0,0.0496,0.0018,0.0519,0.088,0.0608,0.0065
"HZG.HZD.01.A.2M_RNA",0.2856,0.0323,0.4869,0.0303,0,0,0.0064,0.0052,0.1087,0.0062,0.0116,0.0229
"HZG.HZD.01.A.3M_RNA",0.2557,0.0051,0.5444,0.0086,0.0046,0,0.0125,0.0249,0.0844,0.0272,0.0118,0.0137
"HZG.HZD.01.A.4M_RNA",0.3239,0.0306,0.3943,0.0173,0.0034,0,0.0477,0.0037,0.0794,0.0482,0.0228,0.0232
"HZG.HZD.01.A.5M_RNA",0.5256,0.0211,0.285,0.0666,0.0043,0,0.0101,0.0032,0.0384,0.0262,0.007,0.0078
"HZG.HZD.01.A.6M_RNA",0.3563,0.0335,0.3784,0.0191,0.014,0,0.025,0.0045,0.0409,0.0648,0.0384,0.0085
"HZG.HZD.01.B.1M_RNA",0.4056,3e-04,0.4134,8e-04,0.0012,0,0.0496,0.0089,0.0749,0.0232,0.0085,0.0044
"HZG.HZD.01.B.2M_RNA",0.8211,0.0027,0.1208,0.0057,3e-04,0,0.0037,0.0058,0.0242,0.0089,0.005,7e-04
"HZG.HZD.02.A.2M_RNA",0.2607,0.0178,0.3399,0.0036,0.0017,0,0.1308,0.0015,0.1103,0.0824,0.0144,0.0125
"HZG.HZD.02.A.3M_RNA",0.1164,0.0219,0.6857,0.0043,0.0023,0,0.0438,0.0015,0.0581,0.0331,0.0115,0.0085
"HZG.HZD.02.A.4M_RNA",0.3366,0.0238,0.4357,0.0146,0.0045,0,0.0522,0.0038,0.0289,0.0476,0.0425,0.0028
"HZG.HZD.02.A.5M_RNA",0.2,0.0097,0.2807,0.0184,0.0025,0,0.1605,6e-04,0.1686,0.0747,0.0073,0.0075
"HZG.HZD.02.A.6M_RNA",0.262,0,0.4126,0.0084,0.0023,0,0.0489,0.0159,0.178,0.0365,0.0107,0.0154
"HZG.HZD.02.B.1M_RNA",0.3961,0.0175,0.1324,0.2192,6e-04,0,0.023,0.0011,0.1317,0.0402,0.0045,0.0197
"HZG.HZD.02.B.2M_RNA",0.0919,0.0011,0.5659,0.2214,7e-04,0,0.0083,0.0021,0.0299,0.049,0.0201,0.0018
"HZG.HZD.02.B.3M_RNA",0.1878,0.0066,0.3138,0.0104,0.0066,0,0.1063,0.0016,0.1905,0.1052,0.007,0.0261
"HZG.HZD.02.C.1M_RNA",0.4226,0.0042,0.317,0.0075,0.0019,0,0.0783,0.0032,0.0883,0.0094,0.0061,0.0509
"HZG.HZD.02.C.2M_RNA",0.2437,0.007,0.6094,0.0056,0.0059,0,0.0201,0.0025,0.0296,0.0412,0.0168,0.0098
"HZG.HZD.02.C.3M_RNA",0.199,0.0115,0.603,0.0062,9e-04,0,0.0093,0.0333,0.0649,0.0396,0.0104,0.013
"HZG.HZD.02.C.4M_RNA",0.5967,0.0012,0.2203,0.0832,0.0014,0,0.0096,0.0086,0.0503,0.0163,0.0043,0.0046
"HZG.HZD.02.C.5M_RNA",0.0584,0.0099,0.485,0.0603,0.0011,0,0.1567,0.0033,0.0844,0.0724,0.0093,0.0158
"HZG.HZD.03.A.1M_RNA",0.5228,0.0038,0.1177,0.0306,4e-04,0,0.0218,3e-04,0.1291,0.1117,0.0071,0.0106
"HZG.HZD.03.A.2M_RNA",0.4258,0.0072,0.3428,0.0446,6e-04,0,0.028,0.0083,0.0796,0.0344,0.0055,0.01
"HZG.HZD.03.A.3M_RNA",0.1981,0.0039,0.4432,0.0172,0.0089,0,0.0249,0.006,0.1002,0.1205,0.0288,0.0081
"HZG.HZD.03.A.4M_RNA",0.1858,0.0214,0.345,0.0083,0.0019,0,0.0214,0.0132,0.1756,0.1198,0.0119,0.0453
"HZG.HZD.03.A.5M_RNA",0.0807,0.0087,0.5468,0.0031,0.0026,0,0.0385,0.0266,0.1901,0.054,0.0183,0.0163
"HZG.HZD.03.A.6M_RNA",0.1389,0.0034,0.4164,0.0372,0.0024,0,0.0397,0.0114,0.1308,0.1296,0.0069,0.0342
"HZG.HZD.03.A.7M_RNA",0.3007,0.0239,0.2018,0.0105,0.0012,0,0.1377,0.004,0.2561,0.038,0.0064,0.0055
"HZG.HZD.03.B.1M_RNA",0.4973,0.0063,0.3628,0.0321,9e-04,0,0.0284,0.0015,0.0238,0.02,0.016,0.0016
"HZG.HZD.03.B.2M_RNA",0.283,0.0097,0.5428,0.0551,6e-04,0,0.0062,0.0086,0.0618,0.0122,0.0091,0.0047
"HZG.HZD.03.C.1M_RNA",0.2028,0.0095,0.3364,0.0188,0.0956,0,0.0526,0.0017,0.1528,0.0725,0.0114,0.0143
"HZG.HZD.03.C.2M_RNA",0.2342,0.0013,0.382,0.0188,0.0697,0,0.0654,0.0044,0.0547,0.0687,0.0127,0.0349
"HZG.HZD.03.C.3M_RNA",0.1577,0.0337,0.3066,0.0047,0.1406,0,0.0307,0.0074,0.2015,0.0721,0.0117,0.011
"HZG.HZD.03.C.4M_RNA",0.3229,0.0533,0.1979,0.0091,0.0518,0,0.0383,0.0113,0.0339,0.1551,0.0115,0.0574
"HZG.HZD.04.A.1M_RNA",0.1864,0.0147,0.5965,0,0.0092,0,0.0334,0.0151,0.0944,0.0108,0.0039,0.0135
"HZG.HZD.04.A.2M_RNA",0.1654,1e-04,0.6321,0,0.0066,0,0.0376,0.0043,0.1064,0.0131,0.0033,0.0177
"HZG.HZD.06.A.1M_RNA",0.2955,0.0201,0.1929,0.016,0.0041,0,0.1196,0.0022,0.1979,0.084,0.0015,0.0045
"HZG.HZD.06.A.2M_RNA",0.2015,0.0063,0.266,0.0013,0.0015,0,0.0409,5e-04,0.1007,0.0415,0.0015,0.0023
"HZG.HZD.06.A.3M_RNA",0.5308,0.008,0.3303,0.0063,2e-04,0,0.0136,0.0167,0.0596,0.0085,0.0089,0.0107
"HZG.HZD.06.A.4M_RNA",0.47,0.0081,0.389,0.0054,0.0012,0,0.0203,0.0093,0.0533,0.0107,0.0071,0.0142
"HZH.HZC.01.A.2M_RNA",0.0996,0.0463,0.5775,0.0137,0.0068,0,0.033,0.015,0.1434,0.0303,0.0135,0.013
"HZH.HZC.01.A.3M_RNA",0.0197,0.1058,0.5438,0,0.0173,0,0.1233,0.0049,0.0825,0.0633,0.0282,0.0078
"HZH.HZC.01.B.1M_RNA",0.083,0.0292,0.6359,0.0487,0,0,0.0402,0.0126,0.1064,0.015,0.0073,0.0185
"HZH.HZC.01.B.3M_RNA",0.18,0.0045,0.6581,0.0837,0,0,4e-04,0.009,0.0262,0.0057,0.0108,0.0057
"HZH.HZC.01.B.4M_RNA",0.3491,0.0078,0.3836,0.0285,0.0014,0,0.0457,0.0186,0.0595,0.032,0.0206,0.0501
"HZH.HZC.01.B.5M_RNA",0.2286,0.0031,0.6024,0.0712,0,0,0.0234,0.0037,0.039,0.0079,0.0081,0.0084
"HZH.HZC.01.C.3M_RNA",0.3196,0.0031,0.4746,0.0043,0.0069,0,0.029,0.0179,0.0681,0.045,0.014,0.0154
"HZH.HZC.02.A.1M_RNA",0.3209,0.0144,0.4354,0.124,0,0,5e-04,0.0017,0.0824,0.0017,0.0046,0.0129
"HZH.HZC.03.A.1M_RNA",0.1778,0.0491,0.478,0.1017,0,0,0,0.0341,0.0901,0.021,0.0196,0.0079
"HZH.HZC.03.A.2M_RNA",0.1334,0.064,0.5277,0.0234,0,0,0,0.0586,0.1086,0.026,0.0062,0.02
"HZH.HZC.03.A.3M_RNA",0.364,0.0241,0.3418,0.1007,0.0696,0,0.0107,0.0064,0.0417,0.012,0.0017,0.014
"HZH.HZC.03.A.4M_RNA",0.1469,0.0371,0.4459,0.0028,0.2194,0,0.0318,0.0037,0.0781,0.0124,0.001,0.008
"HZH.HZC.03.A.5M_RNA",0.3326,0.0687,0.3022,0.0508,0.0856,0,0.0133,0.0146,0.0788,0.0177,0.0014,0.01
"HZH.HZC.04.A.1M_RNA",0.3701,0.004,0.415,0.1184,0,0,0.0024,0.0095,0.0667,2e-04,0.0037,0.0068
"HZH.HZC.04.A.2M_RNA",0.3326,0.0134,0.4593,0.1079,0.0031,0,0.0185,0.0044,0.0386,0.0045,0.0034,0.0127
"HZH.HZC.04.A.3M_RNA",0.2245,0.0402,0.5028,0.0164,0.0819,0,0.0035,0.019,0.0688,0.0056,0.0038,0.0102
"HZH.HZC.04.B.1M_RNA",0.3795,0.0589,0.4369,0.005,0,0,0.0022,0.0228,0.0637,0.0086,0.0111,0.0101
"HZH.HZC.04.B.2M_RNA",0.3577,0.0416,0.3047,0.1544,0,0,0,0.0413,0.061,0.0018,0.0075,0.0216
"HZH.HZC.04.B.3M_RNA",0.6135,0.0071,0.2651,0.0019,0,0,0.007,0.0142,0.0605,0.0128,0.0054,0.0071
"HZH.HZC.04.B.4M_RNA",0.1896,0.0378,0.5097,0.0216,0,0,0.0083,0.0294,0.1167,0.0604,5e-04,0.0113
"HZH.HZC.05.A.2M_RNA",0.3812,0.0184,0.4317,0.0137,2e-04,0,1e-04,0.0317,0.0742,0.0017,7e-04,0.0173
"HZH.HZC.05.A.3M_RNA",0.1041,0.0189,0.5389,0.0042,0,0,0.0197,0.0447,0.1721,0.0314,0.0065,0.0145
"HZH.HZC.05.A.4M_RNA",0.2944,0.0424,0.3739,0.0216,0,0,0,0.042,0.166,0.0088,0.0191,0.0227
"HZH.HZC.06.A.1M_RNA",0.0712,0.0531,0.5257,0.1028,0.0025,0,0.0433,0.0252,0.0843,0.0355,0.0257,0.0209
"HZH.HZC.06.A.2M_RNA",0.0341,0.0102,0.6863,0.0626,0,0,0,0.0363,0.1322,0.0186,8e-04,0.0132
"HZH.HZC.06.A.3M_RNA",0.2082,0.013,0.4609,0.0561,0.0024,0,0.0036,0.0295,0.115,0.0153,0.0085,0.0825
"HZH.HZC.07.A.1M_RNA",0.2611,0.0567,0.3315,0,0.0065,0,0.1035,0.0057,0.1067,0.0775,0.0345,0.0105
"HZH.HZC.07.A.2M_RNA",0.2999,0.0177,0.4502,0,0,0,0.0189,0.0277,0.0827,0.0372,0.0249,0.0377
"HZH.HZC.07.A.3M_RNA",0.2189,0.0418,0.3978,0,0.0138,0,0.1271,0.0134,0.1153,0.0427,0.0125,0.0122
"HZH.HZC.09.A.1M_RNA",0.2132,0.02,0.5159,0.031,0.002,0,0.0795,0.0062,0.0715,0.0211,0.0133,0.0176
"HZH.HZC.09.A.2M_RNA",0.375,0.0329,0.4162,0.0159,0,1e-04,0.0558,0.0071,0.0333,0.0219,0.0165,0.021
"HZH.HZC.09.A.3M_RNA",0.1934,0.0372,0.4978,0.0133,0.005,0,0.1237,0.0021,0.0606,0.0342,0.0185,0.0028
"HZH.HZC.09.A.4M_RNA",0.329,0.0228,0.4703,0.0373,0,0,0.0029,0.0107,0.0725,0.0159,0.0181,0.0119
"HZH.HZC.09.A.5M_RNA",0.4163,0.0178,0.4601,0.0081,0,0,0.0057,0.0181,0.0338,0.0111,0.004,0.017
"HZH.HZC.09.B.1M_RNA",0.1366,0.0351,0.6186,0.0286,7e-04,0,0.0465,0.0241,0.0577,0.0171,0.0073,0.0183
"HZH.HZC.09.B.2M_RNA",0.1227,0.0581,0.4676,0.0163,0.003,0,0.0286,0.0133,0.1339,0.0879,0.0402,0.0224
"HZH.HZC.09.B.3M_RNA",0.1024,0.0387,0.6886,0.0407,0,0,0.0094,0.0194,0.0681,0.0017,0.0019,0.0227
"HZH.HZC.10.A.1M_RNA",0.101,0.0145,0.6106,0.0536,0,0,0.0146,0.0092,0.0625,0.0658,0.0539,0.0096
"HZH.HZC.10.A.2M_RNA",0.0786,0.0068,0.5085,0.2126,0.0021,0,0.0371,0.0423,0.0285,0.021,0.0151,0.0284
"HZH.HZC.10.A.3M_RNA",0.2901,0.0119,0.3753,0.1359,0.002,0,0.0097,0.0233,0.0896,0.0239,0.0088,0.0214
