"","O_Campylobacterales","O_Lactobacillales","O_Clostridiales","O_Deferribacterales","O_Bacteroidales","O_Bacillales"
"HZA.HZF.01.A.1M_DNA",0.3828,0.005,0.2774,0.0416,0.2349,0.0224
"HZA.HZF.01.A.2M_DNA",0.2414,0.0664,0.4024,0.0345,0.1647,0.0303
"HZA.HZF.01.A.3M_DNA",0.5918,0.0534,0.1523,0.0802,0.103,0.0065
"HZA.HZF.02.A.1M_DNA",0.4057,0.0759,0.1874,0.0559,0.2313,0.0178
"HZA.HZF.02.A.2M_DNA",0.5788,0.0648,0.2655,0,0.0234,0.0419
"HZA.HZF.02.B.1M_DNA",0.567,0.0663,0.1368,0,0.1553,0.0121
"HZA.HZF.02.B.2M_DNA",0.8452,0.0219,0.0896,0,0.0314,0.0064
"HZA.HZF.02.B.3M_DNA",0.8934,0.008,0.0599,0,0.0314,0.0031
"HZA.HZF.02.C.1M_DNA",0.5276,0.0781,0.2338,0,0.1164,0.0127
"HZA.HZF.02.C.4M_DNA",0.4714,0.0282,0.2024,0.1151,0.1105,0.0207
"HZA.HZF.02.C.7M_DNA",0.0739,0.1602,0.5668,0.0281,0.0495,0.0072
"HZA.HZF.02.D.1M_DNA",0.3963,0.0771,0.2031,0.085,0.0574,0.1291
"HZA.HZF.03.A.1M_DNA",0.1687,0.0269,0.4164,0.0239,0.1968,0.1143
"HZA.HZF.03.A.2M_DNA",0.4713,0.0581,0.2353,0.0382,0.0622,0.0821
"HZA.HZF.03.A.3M_DNA",0.2218,0.0755,0.2959,0.1268,0.2226,0.012
"HZA.HZF.03.B.1M_DNA",0.3633,0.0352,0.2919,0.1124,0.1425,0
"HZA.HZF.03.B.2M_DNA",0.5685,0.0179,0.2203,0.0537,0.1131,6e-04
"HZA.HZF.03.B.3M_DNA",0.2634,0.0191,0.498,0.0325,0.1384,0.0026
"HZA.HZF.04.A.1M_DNA",0.0581,0.0265,0.567,0.03,0.2178,0.0145
"HZA.HZF.04.A.2M_DNA",0.2304,0.0631,0.3378,0.0185,0.2978,0.0128
"HZA.HZF.04.A.3M_DNA",0.5481,0.0351,0.1973,0,0.1163,0.0527
"HZA.HZF.04.B.1M_DNA",0.4096,0.0532,0.2715,0.0767,0.15,1e-04
"HZA.HZF.05.B.1M_DNA",0.4641,0.0486,0.1245,0.1341,0.1168,0.0706
"HZA.HZF.05.B.2M_DNA",0.4208,0.0188,0.1848,0.0912,0.0627,0.1726
"HZA.HZF.05.B.4M_DNA",0.3685,0.0963,0.2011,0.1537,0.1424,0.0011
"HZA.HZF.05.C.1M_DNA",0.1665,0.1086,0.4864,0.09,0.1268,0
"HZA.HZF.06.A.1M_DNA",0.2165,0.0238,0.3013,0.2152,0.2079,0.0084
"HZA.HZF.06.A.2M_DNA",0.4651,0.018,0.2203,0.19,0.08,0.0075
"HZA.HZF.06.A.3M_DNA",0.4288,0.0812,0.2599,0.0855,0.108,0.0187
"HZA.HZF.06.B.1M_DNA",0.1176,0.0952,0.4433,0.1648,0.1095,0.0335
"HZA.HZF.06.B.2M_DNA",0.2667,0.1174,0.4343,0.0319,0.0831,0.0243
"HZA.HZF.06.B.3M_DNA",0.3343,0.0469,0.4703,0.0357,0.0702,0.0046
"HZA.HZF.06.B.4M_DNA",0.3953,0.0762,0.234,0.1882,0.0766,0.0074
"HZA.HZF.06.C.3M_DNA",0.2242,0.0176,0.1946,0.2021,0.3075,0.0027
"HZA.HZF.06.C.4M_DNA",0.0704,0.0355,0.5146,0.0516,0.2192,0
"HZB.HZG.01.A.1M_DNA",0.5928,0.033,0.1417,0.0594,0.0995,0.0126
"HZB.HZG.01.A.2M_DNA",0.5278,0.0528,0.2203,0.0449,0.095,0.0067
"HZB.HZG.01.B.1M_DNA",0.413,0.0392,0.2567,0,0.0844,0.0169
"HZB.HZG.01.C.2M_DNA",0.1195,0.0302,0.422,0.2855,0.1177,8e-04
"HZB.HZG.01.C.3M_DNA",0.2528,0.0493,0.4129,0.1703,0.089,0.002
"HZB.HZG.02.A.1M_DNA",0.4487,0.0103,0.0887,0.0039,0.0086,0.0549
"HZB.HZG.02.A.2M_DNA",0.5929,0.0169,0.072,0.0279,0.0718,0.0331
"HZB.HZG.02.A.4M_DNA",0.3537,0.0313,0.1574,0.0092,0.1766,0.0265
"HZB.HZG.02.B.1M_DNA",0.4845,0.0412,0.2571,0.1207,0.0854,3e-04
"HZB.HZG.02.B.2M_DNA",0.7496,0.0351,0.14,0,0.0489,0
"HZB.HZG.02.B.3M_DNA",0.3733,0.0286,0.4322,0,0.1182,0
"HZB.HZG.03.A.1M_DNA",0.3514,0.0631,0.2725,0.1043,0.0355,0.0064
"HZB.HZG.03.B.1M_DNA",0.4041,0.0196,0.4064,0.0343,0.0853,0.0248
"HZB.HZG.03.B.2M_DNA",0.3947,0.0177,0.3846,0.1143,0.0581,0.0087
"HZB.HZG.03.B.3M_DNA",0.2504,0.046,0.3547,0.1734,0.1469,0.0031
"HZB.HZG.03.B.4M_DNA",0.4171,0.0454,0.4669,2e-04,0.0519,0.0017
"HZB.HZG.04.A.1M_DNA",0.6212,0.0111,0.184,0.1302,0.0228,0.0022
"HZB.HZG.04.B.1M_DNA",0.3521,0.1109,0.3964,0.0062,0.121,0.0021
"HZB.HZG.04.B.2M_DNA",0.564,0.0293,0.2846,0.078,0.0342,0.0019
"HZB.HZG.04.B.4M_DNA",0.6539,0.0171,0.2192,0.0251,0.0659,0.0081
"HZB.HZG.05.A.1M_DNA",0.5884,0.0116,0.1407,0.1789,0.0587,0.0019
"HZB.HZG.05.A.2M_DNA",0.4988,0.0115,0.2753,0.0578,0.0741,0.0086
"HZB.HZG.05.A.3M_DNA",0.6422,0.0129,0.1484,0.0104,0.0464,0.017
"HZB.HZG.05.A.4M_DNA",0.5469,0.0373,0.2151,0.045,0.0597,0.0094
"HZB.HZG.05.B.1M_DNA",0.5689,0.0197,0.1887,0.027,0.0212,0.0243
"HZB.HZG.05.B.2M_DNA",0.3023,0.0125,0.2594,0.0397,0.0594,0.0575
"HZB.HZG.05.B.3M_DNA",0.4295,0.0188,0.0461,0.004,0.0072,0.0739
"HZB.HZG.05.B.4M_DNA",0.4042,0.0233,0.3296,0.1173,0.0922,0.0022
"HZB.HZG.05.B.5M_DNA",0.7056,0.0722,0.1484,0.0095,0.0323,0.0019
"HZB.HZG.05.B.6M_DNA",0.3148,0.2129,0.329,0.0126,0.0754,0.004
"HZB.HZG.05.B.7M_DNA",0.367,0.064,0.4653,0.0311,0.0489,0.0017
"HZB.HZG.06.A.1M_DNA",0.1712,0.0244,0.2235,0.0967,0.0218,0.1016
"HZB.HZG.06.A.2M_DNA",0.392,0.0288,0.2132,0.0855,0.0372,0.0503
"HZB.HZG.06.B.1M_DNA",0.2175,0.1306,0.3032,0.0481,0.2277,0.0059
"HZB.HZG.06.B.2M_DNA",0.2248,0.0098,0.507,0.1536,0.0764,0.0057
"HZB.HZG.06.B.3M_DNA",0.293,0.0961,0.4276,0.0748,0.0639,0.0169
"HZC.HZA.01.A.2M_DNA",0.2691,0.0689,0.4005,0.0412,0.1739,0.0187
"HZC.HZA.01.A.3M_DNA",0.3673,0.0408,0.4261,0.0112,0.1267,0.0023
"HZC.HZA.01.A.4M_DNA",0.5822,0.0803,0.2148,0.027,0.0645,0.0039
"HZC.HZA.01.B.1M_DNA",0.6018,0.0532,0.2689,0.0226,0.0332,0
"HZC.HZA.01.C.2M_DNA",0.5461,0.0315,0.223,0.1037,0.0687,0.0079
"HZC.HZA.01.C.3M_DNA",0.2955,0.0673,0.4255,0.1156,0.0771,0
"HZC.HZA.01.C.4M_DNA",0.5118,0.0797,0.1734,0.1397,0.0817,0
"HZC.HZA.02.A.1M_DNA",0.5704,0.0594,0.1367,0.0561,0.1372,0.0037
"HZC.HZA.02.A.2M_DNA",0.2042,0.0533,0.478,0.0471,0.1729,0.0081
"HZC.HZA.02.A.3M_DNA",0.4795,0.0165,0.2154,0.0793,0.1541,0.0213
"HZC.HZA.02.A.4M_DNA",0.1632,0.1281,0.2257,0.0407,0.364,8e-04
"HZC.HZA.02.C.2M_DNA",0.6291,0.036,0.2089,0.0254,0.0463,0.0325
"HZC.HZA.02.D.3M_DNA",0.0874,0.0085,0.0597,0.0102,0.0064,0
"HZC.HZA.03.B.1M_DNA",0.4416,0.0999,0.137,0.1015,0.2012,0.0017
"HZC.HZA.03.B.2M_DNA",0.3851,0.0939,0.2577,0.064,0.1705,7e-04
"HZC.HZA.03.B.3M_DNA",0.7294,0.0232,0.1508,0.0352,0.0557,5e-04
"HZC.HZA.03.B.4M_DNA",0.1749,0.0032,0.5133,0.0248,0.2599,0.0017
"HZC.HZA.03.B.5M_DNA",0.3004,0.1445,0.2263,0.0899,0.2144,2e-04
"HZC.HZA.03.C.1M_DNA",0.471,0.0401,0.317,0.0454,0.107,0.0036
"HZC.HZA.03.C.2M_DNA",0.2464,0.1064,0.3616,0.0696,0.1526,0.0257
"HZC.HZA.03.C.3M_DNA",0.4358,0.0511,0.1984,0.0144,0.0482,0.1985
"HZC.HZA.03.C.4M_DNA",0.0773,0.1418,0.4659,0.0519,0.0842,0.1306
"HZC.HZA.03.C.5M_DNA",0.6014,0.0934,0.1246,0.0178,0.0811,0.0518
"HZC.HZA.03.D.1M_DNA",0.4825,0.0404,0.1877,0.0411,0.0289,0.1715
"HZC.HZA.03.D.2M_DNA",0.469,0.0592,0.3162,0.0448,0.0732,0.0194
"HZC.HZA.03.D.3M_DNA",0.1229,0.1358,0.5682,0.0704,0.0759,0
"HZC.HZA.03.D.4M_DNA",0.2834,0.0214,0.4847,0.06,0.1172,4e-04
"HZC.HZA.03.D.5M_DNA",0.4685,0.0251,0.2795,0.1529,0.051,0.0011
"HZC.HZA.04.A.2M_DNA",0.3382,0.1747,0.1713,0.0444,0.2388,0.0036
"HZC.HZA.04.A.3M_DNA",0.1121,0.2042,0.2456,0.1029,0.3059,2e-04
"HZC.HZA.04.A.4M_DNA",0.6789,0.0262,0.1068,0.0746,0.0925,0.0018
"HZC.HZA.04.B.1M_DNA",0.7578,0.0453,0.0933,6e-04,0.0829,0.0101
"HZC.HZA.04.C.1M_DNA",0.4741,0.0769,0.2669,0.0659,0.0511,0.0277
"HZC.HZA.04.C.2M_DNA",0.3506,0.0648,0.262,0.0267,0.0453,0.199
"HZC.HZA.04.C.3M_DNA",0.5,0.0781,0.2304,0.0117,0.0856,0.0683
"HZC.HZA.04.D.1M_DNA",0.6579,0.0539,0.1936,0.0174,0.0597,0
"HZD.HZE.01.A.2M_DNA",0.136,0.0931,0.4189,0.1638,0.1014,0.035
"HZD.HZE.01.A.3M_DNA",0.2279,0.1081,0.3304,0.1502,0.1511,0.0034
"HZD.HZE.01.A.4M_DNA",0.4504,0.0427,0.2368,0.1541,0.0627,0.0046
"HZD.HZE.01.A.5M_DNA",0.4853,0.0754,0.2834,0.0917,0.0412,0.0081
"HZD.HZE.01.B.1M_DNA",0.4415,0.0608,0.273,0.18,0.0122,0.0097
"HZD.HZE.01.B.2M_DNA",0.4829,0.0205,0.2743,0.1735,0.0361,0.0025
"HZD.HZE.01.B.3M_DNA",0.128,0.1822,0.4484,0.0456,0.0982,0.0189
"HZD.HZE.01.B.4M_DNA",0.1006,0.1095,0.5688,0.0957,0.0819,0.0099
"HZD.HZE.01.C.1M_DNA",0.132,0.1496,0.4059,0.0732,0.0812,0.1112
"HZD.HZE.01.C.2M_DNA",0.2171,0.0925,0.3468,0.0279,0.1124,0.1401
"HZD.HZE.01.C.3M_DNA",0.1492,0.257,0.3447,0.0536,0.0447,0.1139
"HZD.HZE.01.D.1M_DNA",0.5227,0.0326,0.1918,0.226,0.019,0
"HZD.HZE.02.A.2M_DNA",0.564,0.122,0.1964,0.0186,0.0911,8e-04
"HZD.HZE.02.A.3M_DNA",0.2431,0.0867,0.2973,0.1454,0.07,0.1184
"HZD.HZE.02.B.1M_DNA",0.558,0.0739,0.2623,0.0553,0.0259,0.0099
"HZD.HZE.02.B.2M_DNA",0.6825,0.0408,0.1513,0.0897,0.0228,0.0038
"HZD.HZE.02.B.3M_DNA",0.6462,0.0357,0.1991,0.0899,0.0127,0.0046
"HZD.HZE.02.B.5M_DNA",0.5539,0.1172,0.273,0.0137,0.0221,0.0099
"HZD.HZE.02.C.2M_DNA",0.1896,0.2106,0.3813,0.0986,0.0647,0.0211
"HZD.HZE.02.D.2M_DNA",0.4428,0.0786,0.3245,0.0968,0.0299,9e-04
"HZD.HZE.02.D.3M_DNA",0.6743,0.0389,0.2316,0.0053,0.0363,0
"HZD.HZE.02.D.5M_DNA",0.7172,0.0283,0.1887,0.0421,0.0131,3e-04
"HZD.HZE.02.D.6M_DNA",0.6295,0.0404,0.2513,0.0237,0.0258,0
"HZD.HZE.03.A.1M_DNA",0.5436,0.2061,0.1529,0,0.0816,5e-04
"HZD.HZE.03.B.2M_DNA",0.5132,0.0857,0.3053,0.017,0.0234,0.0196
"HZD.HZE.03.B.3M_DNA",0.3323,0.0275,0.4284,0.1074,0.0726,6e-04
"HZD.HZE.03.B.4M_DNA",0.2749,0.2197,0.2394,0.0209,0.1815,4e-04
"HZD.HZE.03.B.5M_DNA",0.5913,0.0537,0.2701,0.0531,0.0135,8e-04
"HZD.HZE.04.A.1M_DNA",0.7014,0.0205,0.2385,0,0.014,0.0145
"HZD.HZE.04.A.2M_DNA",0.8254,0.0248,0.1129,0,0.0223,0.0022
"HZD.HZE.04.A.3M_DNA",0.7019,0.0546,0.145,0,0.0728,0.006
"HZD.HZE.04.B.1M_DNA",0.3635,0.017,0.3325,0.0077,0.0854,0.1127
"HZD.HZE.04.B.2M_DNA",0.2271,0.031,0.536,0.0763,0.0425,0.0646
"HZD.HZE.04.B.3M_DNA",0.3436,0.0546,0.3908,0.0801,0.0316,0.0415
"HZD.HZE.04.B.4M_DNA",0.5425,0.0194,0.2518,0.076,0.0205,0.0603
"HZD.HZE.04.B.5M_DNA",0.042,0.0623,0.618,0.1835,0.061,0.0128
"HZE.HZB.01.A.1M_DNA",0.0015,0.17,0.6488,0,0.1096,0.0257
"HZE.HZB.01.A.2M_DNA",0.4141,0.0949,0.4222,3e-04,0.0414,0.0051
"HZE.HZB.01.A.3M_DNA",0.563,0.0782,0.1727,0.026,0.1379,0.0059
"HZE.HZB.02.A.1M_DNA",0.6284,0.0346,0.1575,0.0917,0.0582,0.001
"HZE.HZB.02.A.2M_DNA",0.7635,0.0055,0.1027,0.0841,0.0104,0.0193
"HZE.HZB.02.B.1M_DNA",0.1426,0.1389,0.3714,0.2892,0.0424,8e-04
"HZE.HZB.02.B.2M_DNA",0.4173,0.0027,0.1024,0.4688,0.0064,7e-04
"HZE.HZB.02.B.3M_DNA",0.6997,0.0133,0.1876,0.0672,0.0196,0.0034
"HZE.HZB.02.C.1M_DNA",0.4033,0.0952,0.2509,0.0184,0.0066,0.1727
"HZE.HZB.02.C.2M_DNA",0.6577,0.0156,0.1904,0.0163,0.0021,0.0869
"HZE.HZB.02.C.3M_DNA",0.2454,0.1233,0.3539,0.0213,0.0332,0.1641
"HZE.HZB.02.C.4M_DNA",0.6481,0.0105,0.1814,0.1301,0.0184,0
"HZE.HZB.03.A.1M_DNA",0.7698,0.0348,0.1041,0,0.0701,0.0022
"HZE.HZB.03.A.2M_DNA",0.8622,0.0071,0.0965,0,0.0237,0.0013
"HZE.HZB.03.A.4M_DNA",0.6105,0.072,0.2055,0,0.0801,0.0106
"HZE.HZB.03.A.5M_DNA",0.6504,0.0306,0.1697,0,0.1079,0.014
"HZE.HZB.03.B.1M_DNA",0.7635,0.0167,0.1429,0.0488,0.0219,0.0016
"HZE.HZB.03.B.2M_DNA",0.2763,0.0536,0.248,0.1665,0.0303,0.1924
"HZE.HZB.03.B.3M_DNA",0.4336,0.0314,0.2077,0.0921,0.0094,0.1845
"HZE.HZB.03.C.2M_DNA",0.6183,0.0525,0.2185,0.0576,0.0297,3e-04
"HZE.HZB.03.C.3M_DNA",0.2594,0.0257,0.2196,0.0739,0.0334,0.0053
"HZE.HZB.03.C.4M_DNA",0.4093,0.0822,0.3552,0.05,0.0661,0.0022
"HZE.HZB.03.C.5M_DNA",0.504,0.0558,0.2121,0.0811,0.1141,0
"HZE.HZB.04.A.1M_DNA",0.4798,0.0853,0.1771,0.114,0.1271,4e-04
"HZE.HZB.04.A.2M_DNA",0.8675,0.0057,0.065,0.0387,0.0063,0.0069
"HZE.HZB.04.A.3M_DNA",0.4763,0.0377,0.3775,0.029,0.0451,0.0146
"HZE.HZB.04.B.1M_DNA",0.5715,0.0107,0.2051,0.0793,0.1088,4e-04
"HZE.HZB.04.B.2M_DNA",0.6264,0.0554,0.236,0.0169,0.0226,0.0054
"HZE.HZB.04.B.3M_DNA",0.5544,0.0567,0.223,0.0872,0.0613,2e-04
"HZE.HZB.04.B.5M_DNA",0.446,0.0368,0.1493,0.2929,0.0268,6e-04
"HZE.HZB.05.A.2M_DNA",0.7684,0.013,0.0992,0.0139,0.0133,0.073
"HZE.HZB.06.A.2M_DNA",0.6558,0.0264,0.1712,0.1068,0.0361,0.0019
"HZE.HZB.06.B.1M_DNA",0.5136,0.0313,0.2509,0.0794,0.0274,0.0734
"HZE.HZB.06.B.2M_DNA",0.4289,0.0817,0.2956,0.0187,0.0223,0.1189
"HZE.HZB.06.B.4M_DNA",0.3448,0.0951,0.343,0.0978,0.0478,0.0249
"HZE.HZB.06.B.5M_DNA",0.0769,0.0755,0.3714,0.3493,0.1107,9e-04
"HZF.HZH.01.A.1M_DNA",0.3966,0.0083,0.3696,0.0059,0.0824,0.0692
"HZF.HZH.01.A.2M_DNA",0.7715,0.0184,0.1392,0,0.0566,0.0064
"HZF.HZH.01.A.3M_DNA",0.6596,0.0157,0.256,0,0.0555,6e-04
"HZF.HZH.01.A.4M_DNA",0.7711,0.0145,0.1397,0.0029,0.0341,0.0053
"HZF.HZH.01.B.1M_DNA",0.6495,0.0292,0.2217,0,0.0657,0.0149
"HZF.HZH.01.B.2M_DNA",0.7596,0.0122,0.1255,2e-04,0.0675,0.0034
"HZF.HZH.01.B.3M_DNA",0.6568,0.0357,0.1089,0,0.1396,0.001
"HZF.HZH.01.C.1M_DNA",0.3242,0.0205,0.3246,0.2141,0.0639,0.001
"HZF.HZH.01.C.2M_DNA",0.1142,0.067,0.1701,0,0.0044,0.4889
"HZF.HZH.02.A.2M_DNA",0.5633,0.0236,0.2733,0,0.0757,0.0072
"HZF.HZH.02.B.2M_DNA",0.442,0.0272,0.2848,0.2108,0.0283,0.002
"HZF.HZH.02.B.3M_DNA",0.4757,0.0641,0.2947,0.1458,0.0118,7e-04
"HZF.HZH.02.C.1M_DNA",0.5381,0.0261,0.285,0.0661,0.0391,0.0215
"HZF.HZH.02.D.1M_DNA",0.5389,0.0669,0.2581,0.0642,0.0545,0.0033
"HZF.HZH.02.D.2M_DNA",0.6659,0.0349,0.2223,0.0299,0.0267,0.0057
"HZF.HZH.02.E.1M_DNA",0.404,0.0523,0.372,0,0.0436,0.0941
"HZF.HZH.02.E.2M_DNA",0.6285,0.0367,0.2353,0.0185,0.0583,0
"HZF.HZH.02.E.3M_DNA",0.4971,0.0436,0.3754,0.0056,0.051,8e-04
"HZF.HZH.02.E.4M_DNA",0.4199,0.005,0.4744,0,0.0665,0.0032
"HZF.HZH.02.E.5M_DNA",0.7304,0.0399,0.1369,0,0.0508,0
"HZF.HZH.02.E.7M_DNA",0.7059,9e-04,0.2245,1e-04,0.056,5e-04
"HZF.HZH.02.E.8M_DNA",0.6413,0.0175,0.2591,0,0.0429,0
"HZF.HZH.03.A.3M_DNA",0.4493,0.0084,0.3342,0.0428,0.0858,0.0211
"HZF.HZH.03.A.4M_DNA",0.5127,0.0224,0.2513,0.0609,0.1149,0.0064
"HZF.HZH.03.A.6M_DNA",0.5644,0.0093,0.2349,0.0186,0.0749,0.0068
"HZF.HZH.03.A.7M_DNA",0.5056,0.0151,0.3165,0.0268,0.0258,0.0107
"HZF.HZH.03.B.1M_DNA",0.6772,0.0153,0.178,0.0017,0.085,0
"HZF.HZH.03.B.2M_DNA",0.5646,0.0171,0.1428,0.1618,0.0844,0
"HZF.HZH.03.B.3M_DNA",0.3099,0.0212,0.1287,0.0133,0.1443,0.0029
"HZF.HZH.04.A.1M_DNA",0.5658,0.0432,0.2177,0.0398,0.0738,0.0495
"HZF.HZH.04.A.2M_DNA",0.2879,0.013,0.1653,0.0171,0.0215,0.4184
"HZF.HZH.04.A.5M_DNA",0.5036,0.0493,0.2267,0.0563,0.0383,0.0791
"HZF.HZH.04.A.6M_DNA",0.3911,0.0015,0.2385,0.1032,0.1663,0.0657
"HZF.HZH.04.A.7M_DNA",0.6101,0.0033,0.085,0.186,0.0792,0.0207
"HZF.HZH.04.A.8M_DNA",0.4037,0.0104,0.1742,0.0657,0.2944,0.0146
"HZG.HZD.01.A.1M_DNA",0.5016,0.0529,0.2913,0.1117,0.0322,0.0011
"HZG.HZD.01.A.2M_DNA",0.4298,0.0192,0.4017,0.0391,0.0899,0.0052
"HZG.HZD.01.A.4M_DNA",0.5817,0.0782,0.1907,0.0591,0.0811,9e-04
"HZG.HZD.01.A.5M_DNA",0.6452,0.0362,0.1555,0.0961,0.0447,0.004
"HZG.HZD.01.A.6M_DNA",0.4653,0.0748,0.2207,0.0518,0.1359,0.0168
"HZG.HZD.01.B.1M_DNA",0.7703,0.0185,0.1057,0.0181,0.0191,0.0558
"HZG.HZD.02.A.2M_DNA",0.5907,0.0388,0.1384,0.0244,0.1718,0.0104
"HZG.HZD.02.A.3M_DNA",0.4186,0.0608,0.3682,0.0204,0.1167,0.0045
"HZG.HZD.02.A.4M_DNA",0.4424,0.0286,0.0995,0.1457,0.1876,0.0056
"HZG.HZD.02.A.5M_DNA",0.7194,0.0025,0.1307,0.0473,0.0827,3e-04
"HZG.HZD.02.B.1M_DNA",0.4184,0.0249,0.077,0.4159,0.0439,0.0092
"HZG.HZD.02.B.2M_DNA",0.1667,0.0091,0.2195,0.5126,0.0688,0.0084
"HZG.HZD.02.B.3M_DNA",0.1292,0.0551,0.3751,0.0201,0.1777,0.165
"HZG.HZD.02.C.1M_DNA",0.3943,0.0253,0.4503,0.0154,0.0683,0.0032
"HZG.HZD.02.C.3M_DNA",0.5982,0.0647,0.2529,0.0184,0.053,1e-04
"HZG.HZD.02.C.4M_DNA",0.7162,0.0021,0.1237,0.0993,0.0405,0.0024
"HZG.HZD.02.C.5M_DNA",0.2395,0.0317,0.327,0.1747,0.1782,0.0012
"HZG.HZD.03.A.1M_DNA",0.7324,0.0057,0.0439,0.0884,0.1008,0.0054
"HZG.HZD.03.A.2M_DNA",0.6358,0.0075,0.1145,0.1799,0.0379,0.0025
"HZG.HZD.03.A.3M_DNA",0.5426,0.0095,0.1778,0.1162,0.1097,0.0104
"HZG.HZD.03.A.4M_DNA",0.4499,0.0308,0.1835,0.0561,0.2088,0.0032
"HZG.HZD.03.A.5M_DNA",0.4684,0.0246,0.3049,0.0321,0.1434,2e-04
"HZG.HZD.03.A.6M_DNA",0.3083,0.0268,0.2239,0.1689,0.237,0.0064
"HZG.HZD.03.A.7M_DNA",0.3939,0.0419,0.1688,0.0751,0.2859,0.0089
"HZG.HZD.03.B.1M_DNA",0.4145,0.0528,0.2803,0.0656,0.0595,0.1037
"HZG.HZD.03.B.2M_DNA",0.2748,0.0225,0.3116,0.0031,0.062,0.2736
"HZG.HZD.03.C.1M_DNA",0.1327,0.1143,0.3673,0.0628,0.2439,0.0308
"HZG.HZD.03.C.2M_DNA",0.1324,0.0271,0.4893,0.0498,0.2102,0.0326
"HZG.HZD.03.C.3M_DNA",0.1452,0.1382,0.3925,0.0217,0.2633,0.0102
"HZG.HZD.03.C.4M_DNA",0.1602,0.2382,0.2021,0.0266,0.3316,7e-04
"HZG.HZD.04.A.1M_DNA",0.512,0.0507,0.3411,0,0.0811,0
"HZG.HZD.04.A.2M_DNA",0.4747,0.0027,0.4578,0,0.0539,0
"HZG.HZD.06.A.1M_DNA",0.3522,0.0436,0.1789,0.0231,0.1639,0.1451
"HZG.HZD.06.A.2M_DNA",0.5615,0.0267,0.1107,0.0102,0.0863,0
"HZG.HZD.06.A.3M_DNA",0.8249,0.0217,0.0968,0.0112,0.0231,7e-04
"HZG.HZD.06.A.4M_DNA",0.7025,0.0266,0.1637,0.022,0.0633,0.0025
"HZH.HZC.01.A.3M_DNA",0.0785,0.2094,0.3624,0,0.3344,0.0036
"HZH.HZC.01.B.1M_DNA",0.6417,0.0151,0.2205,0.0116,0.0834,0.0046
"HZH.HZC.01.B.4M_DNA",0.5433,0.0649,0.2152,0.0496,0.1062,3e-04
"HZH.HZC.01.B.5M_DNA",0.5284,0.0241,0.2434,0.1455,0.0465,6e-04
"HZH.HZC.01.C.3M_DNA",0.5529,0.0162,0.2032,0.1757,0.0354,4e-04
"HZH.HZC.02.A.1M_DNA",0.5958,0.0255,0.1651,0.1859,0.0155,0.0053
"HZH.HZC.03.A.1M_DNA",0.2322,0.131,0.34,0.1828,0.0595,0.0163
"HZH.HZC.03.A.2M_DNA",0.1675,0.1368,0.4051,0.0604,0.0787,0.0365
"HZH.HZC.03.A.3M_DNA",0.3807,0.0551,0.2278,0.1531,0.1485,0.01
"HZH.HZC.03.A.4M_DNA",0.0362,0.1048,0.2875,0,0.061,0.4149
"HZH.HZC.03.A.5M_DNA",0.1987,0.1602,0.3717,0.0516,0.1471,0.0367
"HZH.HZC.04.A.1M_DNA",0.5567,0.0147,0.1809,0.2122,0.0159,0.0092
"HZH.HZC.04.A.2M_DNA",0.4919,0.0537,0.2684,0.0398,0.1149,0.0028
"HZH.HZC.04.A.3M_DNA",0.2935,0.0707,0.3743,0.0763,0.1184,0.0302
"HZH.HZC.04.B.1M_DNA",0.1797,0.1056,0.3729,0.1522,0.0148,0.1226
"HZH.HZC.04.B.2M_DNA",0.4456,0.0236,0.2432,0.0092,0.0281,0.2059
"HZH.HZC.04.B.4M_DNA",0.089,0.0893,0.5787,0.0371,0.0451,0.1251
"HZH.HZC.05.A.2M_DNA",0.6583,0.026,0.169,0.0474,0.0274,0.0033
"HZH.HZC.05.A.3M_DNA",0.3966,0.029,0.2637,0.0778,0.0976,0.011
"HZH.HZC.05.A.4M_DNA",0.627,0.0461,0.1612,0.0643,0.0913,0.0019
"HZH.HZC.06.A.1M_DNA",0.0286,0.1767,0.527,0.099,0.0765,0.0617
"HZH.HZC.06.A.2M_DNA",0.1115,0.0511,0.5972,0.1429,0.0501,0.005
"HZH.HZC.06.A.3M_DNA",0.3017,0.0423,0.4362,0.1131,0.0775,5e-04
"HZH.HZC.07.A.2M_DNA",0.4725,0.0594,0.3453,0,0.1012,0.0077
"HZH.HZC.07.A.3M_DNA",0.3055,0.1254,0.3056,1e-04,0.2319,0.0076
"HZH.HZC.09.A.1M_DNA",0.525,0.034,0.214,0.086,0.1162,0.0104
"HZH.HZC.09.A.2M_DNA",0.5847,0.0624,0.2119,0.0346,0.0829,0.0129
"HZH.HZC.09.A.3M_DNA",0.3341,0.0515,0.3017,0.0596,0.2323,0.0019
"HZH.HZC.09.A.4M_DNA",0.649,0.0428,0.2289,0.0211,0.0403,0.0048
"HZH.HZC.09.A.5M_DNA",0.3417,0.0997,0.2205,0,0.2967,0.0062
"HZH.HZC.09.B.1M_DNA",0.3824,0.0869,0.3541,0.0823,0.0755,4e-04
"HZH.HZC.09.B.2M_DNA",0.256,0.1589,0.3224,0.073,0.1619,0.0013
"HZH.HZC.09.B.3M_DNA",0.3157,0.1413,0.386,0.1027,0.0362,0.001
"HZH.HZC.10.A.1M_DNA",0.1064,0.0626,0.4638,0.0763,0.062,0.1839
"HZH.HZC.10.A.2M_DNA",0.0569,0.0386,0.5238,0.1913,0.0437,0.0997
"HZH.HZC.10.A.3M_DNA",0.1276,0.0284,0.3435,0.1207,0.0242,0.313
"HZA.HZF.01.A.1M_RNA",0.3628,0.0028,0.4339,0.017,0.1675,0
"HZA.HZF.01.A.2M_RNA",0.2252,0.0434,0.5777,0.009,0.1283,0
"HZA.HZF.01.A.3M_RNA",0.3364,0.048,0.4209,0.039,0.1442,0
"HZA.HZF.02.A.1M_RNA",0.5568,0.0399,0.2571,0,0.1274,0
"HZA.HZF.02.A.2M_RNA",0.4937,0.0287,0.4365,0,0.0374,0
"HZA.HZF.02.B.1M_RNA",0.4487,0.0397,0.3281,0,0.1456,0
"HZA.HZF.02.B.2M_RNA",0.6761,0.0221,0.2358,0,0.0648,0
"HZA.HZF.02.B.3M_RNA",0.7118,0.011,0.2251,0,0.0458,0
"HZA.HZF.02.C.1M_RNA",0.5493,0.0249,0.3185,0,0.0952,0
"HZA.HZF.02.C.4M_RNA",0.6136,0,0.2488,0.0138,0.0814,0
"HZA.HZF.02.C.5M_RNA",0.6107,0.0051,0.2069,0.04,0.0897,0
"HZA.HZF.02.C.6M_RNA",0.4654,0.0285,0.3939,0,0.1002,0
"HZA.HZF.02.C.7M_RNA",0.1491,0.0639,0.6855,0.0152,0.0513,0
"HZA.HZF.02.D.1M_RNA",0.5702,0.0299,0.2083,0.1386,0.0465,0
"HZA.HZF.03.A.1M_RNA",0.3184,0.0216,0.4321,0.0216,0.189,0
"HZA.HZF.03.A.2M_RNA",0.0193,0.0555,0.6686,0.0834,0.143,0
"HZA.HZF.03.A.3M_RNA",0.6019,0.0103,0.3079,0.0173,0.0536,0
"HZA.HZF.03.A.4M_RNA",0.2462,0.013,0.4997,0.0532,0.1707,0
"HZA.HZF.03.B.1M_RNA",0.5248,0.0019,0.3094,0.0499,0.095,0
"HZA.HZF.03.B.2M_RNA",0.6882,5e-04,0.1752,0.0258,0.0975,0
"HZA.HZF.03.B.3M_RNA",0.4152,0.003,0.4499,0.0098,0.0936,0
"HZA.HZF.04.A.1M_RNA",0.0337,0.0038,0.699,0.0158,0.1968,0
"HZA.HZF.04.A.2M_RNA",0.1176,0.0224,0.5377,0.0084,0.2545,0
"HZA.HZF.04.A.3M_RNA",0.6519,0.0097,0.2123,0,0.1079,0
"HZA.HZF.04.B.1M_RNA",0.5056,0.0095,0.3552,0.0351,0.086,0
"HZA.HZF.05.B.1M_RNA",0.7277,0.0144,0.1326,0.0458,0.0572,0
"HZA.HZF.05.B.2M_RNA",0.6944,0.0075,0.1478,0.0513,0.0732,0
"HZA.HZF.05.B.3M_RNA",0.6801,0.011,0.1848,0.0516,0.0581,0
"HZA.HZF.05.B.4M_RNA",0.4205,0.0385,0.2747,0.1451,0.097,0
"HZA.HZF.05.C.1M_RNA",0.1227,0.0501,0.6861,0.0258,0.1129,0
"HZA.HZF.06.A.1M_RNA",0.1948,0.0114,0.5173,0.0852,0.1671,0
"HZA.HZF.06.A.2M_RNA",0.3118,0.0101,0.5128,0.0598,0.0928,0
"HZA.HZF.06.A.3M_RNA",0.3618,0.027,0.4192,0.0325,0.1554,0
"HZA.HZF.06.B.1M_RNA",0.2138,0.0249,0.5271,0.1156,0.1054,0
"HZA.HZF.06.B.2M_RNA",0.3691,0.0303,0.4636,0.0104,0.1089,0
"HZA.HZF.06.B.3M_RNA",0.294,0.0039,0.6152,0.0084,0.0513,0
"HZA.HZF.06.B.4M_RNA",0.5616,0.0213,0.2482,0.0675,0.0764,0
"HZA.HZF.06.C.3M_RNA",0.4883,0.0017,0.34,0.0577,0.0934,0
"HZA.HZF.06.C.4M_RNA",0.3682,9e-04,0.2661,0.1233,0.2102,0
"HZA.HZF.06.C.5M_RNA",0.0773,0.0033,0.6167,0.0381,0.2271,0
"HZB.HZG.01.A.1M_RNA",0.2852,0.0182,0.508,0.0568,0.1113,0
"HZB.HZG.01.A.2M_RNA",0.2124,0.0242,0.6202,0.0107,0.1209,0
"HZB.HZG.01.B.1M_RNA",0.54,0.0125,0.3377,0,0.0958,0
"HZB.HZG.01.C.1M_RNA",0.323,0.0068,0.5505,0.033,0.0846,1e-04
"HZB.HZG.01.C.2M_RNA",0.1049,0.0039,0.6019,0.1551,0.1302,0
"HZB.HZG.01.C.3M_RNA",0.2523,0.0043,0.5177,0.1374,0.0847,0
"HZB.HZG.02.A.1M_RNA",0.5043,0.0152,0.3532,0.0177,0.0956,0
"HZB.HZG.02.A.2M_RNA",0.6297,0.0178,0.3009,0.0041,0.0382,0
"HZB.HZG.02.A.3M_RNA",0.6613,0.0131,0.1596,0.0207,0.1366,0
"HZB.HZG.02.A.4M_RNA",0.3904,0.0152,0.322,0.0037,0.2363,0
"HZB.HZG.02.B.1M_RNA",0.4014,0.0101,0.4216,0.0521,0.11,0
"HZB.HZG.02.B.2M_RNA",0.6432,0.0088,0.2609,0,0.0834,0
"HZB.HZG.02.B.3M_RNA",0.3957,0.0055,0.4587,0,0.1116,0
"HZB.HZG.03.A.1M_RNA",0.2912,0.0041,0.5576,0.0353,0.1058,0
"HZB.HZG.03.B.1M_RNA",0.3425,0.0012,0.5319,0.0143,0.1001,0
"HZB.HZG.03.B.2M_RNA",0.2392,0.0018,0.5919,0.0485,0.1103,0
"HZB.HZG.03.B.3M_RNA",0.1351,0.0045,0.6723,0.0623,0.1171,0
"HZB.HZG.03.B.4M_RNA",0.2066,0.0094,0.7177,0,0.0588,0
"HZB.HZG.04.A.1M_RNA",0.1634,0.043,0.697,0.0318,0.0433,0
"HZB.HZG.04.A.2M_RNA",0.4414,0.0064,0.475,0.0454,0.0268,0
"HZB.HZG.04.B.1M_RNA",0.4541,0.0028,0.3848,0.0269,0.125,0
"HZB.HZG.04.B.2M_RNA",0.1625,0.0121,0.6676,5e-04,0.1519,0
"HZB.HZG.04.B.3M_RNA",0.3405,0.005,0.5285,0.0486,0.0723,0
"HZB.HZG.04.B.4M_RNA",0.5278,0.0048,0.3852,0.0147,0.0613,0
"HZB.HZG.05.A.1M_RNA",0.3789,0.006,0.4855,0.0585,0.0661,0
"HZB.HZG.05.A.2M_RNA",0.198,0.004,0.6791,0.0144,0.0975,0
"HZB.HZG.05.A.3M_RNA",0.519,0.0086,0.4056,0.0075,0.0553,0
"HZB.HZG.05.A.4M_RNA",0.2882,0.0225,0.5665,0.0112,0.1002,0
"HZB.HZG.05.B.1M_RNA",0.5938,0.0025,0.3134,0.0317,0.0484,0
"HZB.HZG.05.B.2M_RNA",0.3117,0.0014,0.5161,0.0542,0.1129,0
"HZB.HZG.05.B.3M_RNA",0.3536,0.0109,0.1728,0.0032,0.0256,0
"HZB.HZG.05.B.4M_RNA",0.2674,0.0089,0.5696,0.0487,0.0933,1e-04
"HZB.HZG.05.B.5M_RNA",0.5966,0.0362,0.2993,0.0072,0.0547,0
"HZB.HZG.05.B.6M_RNA",0.5153,0.0195,0.3812,0.0284,0.0529,0
"HZB.HZG.05.B.7M_RNA",0.2656,0.0829,0.5393,0.0129,0.0835,0
"HZB.HZG.06.A.1M_RNA",0.3111,0.0223,0.4354,0.1603,0.058,0
"HZB.HZG.06.A.2M_RNA",0.544,0.0108,0.2919,0.1023,0.0448,0
"HZB.HZG.06.B.1M_RNA",0.0862,0.0922,0.5958,0.0059,0.2023,0
"HZB.HZG.06.B.2M_RNA",0.1511,8e-04,0.7061,0.0612,0.0689,0
"HZB.HZG.06.B.3M_RNA",0.2726,0.0386,0.5585,0.0225,0.0847,0
"HZC.HZA.01.A.1M_RNA",0.4891,0.0228,0.3162,0,0.1601,0
"HZC.HZA.01.A.2M_RNA",0.1451,0.0302,0.6431,0.0234,0.1332,0
"HZC.HZA.01.A.3M_RNA",0.1624,0.0179,0.6721,0.0048,0.1168,0
"HZC.HZA.01.A.4M_RNA",0.2801,0.0399,0.5898,0.0119,0.0633,0
"HZC.HZA.01.B.1M_RNA",0.3541,0.0144,0.586,0.0069,0.0335,0
"HZC.HZA.01.C.2M_RNA",0.5184,0.002,0.3016,0.1047,0.0689,0
"HZC.HZA.01.C.3M_RNA",0.2743,0.0178,0.5613,0.0737,0.068,0
"HZC.HZA.01.C.4M_RNA",0.4525,0.0304,0.3437,0.1022,0.0683,0
"HZC.HZA.02.A.1M_RNA",0.3885,0.0349,0.3452,0.0257,0.1703,0
"HZC.HZA.02.A.2M_RNA",0.1328,0.0146,0.6828,0.0112,0.1331,0
"HZC.HZA.02.A.3M_RNA",0.284,0.0228,0.4323,0.0439,0.1874,0
"HZC.HZA.02.A.4M_RNA",0.3778,0.0042,0.4119,0.0529,0.1292,0
"HZC.HZA.02.C.2M_RNA",0.5846,0.0461,0.208,0.0121,0.1279,0
"HZC.HZA.02.C.3M_RNA",0.5871,0.0079,0.3093,0.0221,0.0623,0
"HZC.HZA.02.D.2M_RNA",0.3752,0.0073,0.5162,0.051,0.043,0
"HZC.HZA.02.D.3M_RNA",0.3229,0.0175,0.5441,0.0618,0.044,0
"HZC.HZA.03.B.1M_RNA",0.326,0.0708,0.3987,0.0373,0.1513,0
"HZC.HZA.03.B.2M_RNA",0.2264,0.0326,0.5866,0.0206,0.1073,0
"HZC.HZA.03.B.3M_RNA",0.4485,0.0142,0.4381,0.0227,0.0738,0
"HZC.HZA.03.B.4M_RNA",0.0724,3e-04,0.6804,0.0089,0.2184,0
"HZC.HZA.03.B.5M_RNA",0.2046,0.0316,0.5643,0.0184,0.1719,0
"HZC.HZA.03.C.1M_RNA",0.2625,0.0171,0.6211,0.0217,0.0748,0
"HZC.HZA.03.C.2M_RNA",0.1204,0.0664,0.6346,0.0203,0.1507,0
"HZC.HZA.03.C.3M_RNA",0.4521,0.0263,0.4022,0.0115,0.1047,0
"HZC.HZA.03.C.4M_RNA",0.1102,0.0321,0.6924,0.021,0.1378,0
"HZC.HZA.03.C.5M_RNA",0.4468,0.057,0.406,0.018,0.0671,0
"HZC.HZA.03.D.1M_RNA",0.3808,0.0134,0.4037,0.0481,0.146,0
"HZC.HZA.03.D.2M_RNA",0.2619,0.0116,0.5587,0.0423,0.1202,0
"HZC.HZA.03.D.3M_RNA",0.0582,0.0286,0.7861,0.0205,0.1019,0
"HZC.HZA.03.D.4M_RNA",0.158,0.0036,0.7771,0.0173,0.0386,0
"HZC.HZA.03.D.5M_RNA",0.2122,0.0029,0.6639,0.0268,0.0911,0
"HZC.HZA.04.A.1M_RNA",0.03,0.0328,0.6306,0.0054,0.2672,0
"HZC.HZA.04.A.2M_RNA",0.2184,0.0905,0.3759,0.0131,0.2805,0
"HZC.HZA.04.A.3M_RNA",0.0376,0.0689,0.6521,0.0202,0.2131,0
"HZC.HZA.04.A.4M_RNA",0.4576,0.0115,0.3664,0.0303,0.1196,0
"HZC.HZA.04.B.1M_RNA",0.0611,0.0554,0.6414,0.0337,0.1811,0
"HZC.HZA.04.C.1M_RNA",0.3977,0.0289,0.4423,0.06,0.0649,0
"HZC.HZA.04.C.2M_RNA",0.4844,0.0245,0.3725,0.02,0.0752,0
"HZC.HZA.04.C.3M_RNA",0.5214,0.027,0.3292,0.0128,0.0847,0
"HZC.HZA.04.D.1M_RNA",0.6976,0.0085,0.2326,0.0093,0.0476,0
"HZD.HZE.01.A.2M_RNA",0.141,0.0523,0.6108,0.0805,0.0958,0
"HZD.HZE.01.A.3M_RNA",0.2564,0.0626,0.4711,0.0888,0.1121,0
"HZD.HZE.01.A.4M_RNA",0.167,0.0737,0.606,0.0681,0.0762,0
"HZD.HZE.01.A.5M_RNA",0.3349,0.0137,0.5164,0.0445,0.0825,0
"HZD.HZE.01.B.1M_RNA",0.4559,0.0182,0.4405,0.0675,0.0136,0
"HZD.HZE.01.B.2M_RNA",0.3923,0.0053,0.5044,0.062,0.0323,0
"HZD.HZE.01.B.3M_RNA",0.1377,0.1148,0.5894,0.0234,0.1077,0
"HZD.HZE.01.B.4M_RNA",0.0935,0.0461,0.7521,0.0416,0.0571,0
"HZD.HZE.01.C.1M_RNA",0.2056,0.0623,0.5707,0.0493,0.1076,0
"HZD.HZE.01.C.2M_RNA",0.4261,0.0332,0.4027,0.0478,0.073,0
"HZD.HZE.01.C.3M_RNA",0.5649,0.0084,0.3212,0.0733,0.0271,0
"HZD.HZE.01.D.1M_RNA",0.3129,0.0184,0.527,0.1147,0.0214,0
"HZD.HZE.02.A.1M_RNA",0.2155,0.0399,0.6487,0.0262,0.0646,0
"HZD.HZE.02.A.2M_RNA",0.3296,0.0483,0.5078,0.0043,0.1076,0
"HZD.HZE.02.A.3M_RNA",0.2444,0.0421,0.5038,0.1036,0.1002,0
"HZD.HZE.02.B.1M_RNA",0.2593,0.0593,0.6228,0.009,0.0299,0
"HZD.HZE.02.B.2M_RNA",0.302,0.0485,0.4804,0.113,0.0451,0
"HZD.HZE.02.B.3M_RNA",0.438,0.0226,0.4203,0.054,0.0504,0
"HZD.HZE.02.B.4M_RNA",0.3071,0.0335,0.5747,0.0475,0.0177,0
"HZD.HZE.02.B.5M_RNA",0.2455,0.0684,0.6184,0.0095,0.0526,0
"HZD.HZE.02.C.2M_RNA",0.2017,0.104,0.5391,0.0424,0.0982,0
"HZD.HZE.02.C.3M_RNA",0.1185,0.0923,0.6898,0.0471,0.0444,0
"HZD.HZE.02.D.1M_RNA",0.3469,0.0098,0.5968,0.0153,0.0238,0
"HZD.HZE.02.D.2M_RNA",0.1961,0.02,0.6753,0.0472,0.0514,0
"HZD.HZE.02.D.3M_RNA",0.3999,0.013,0.5395,0.0018,0.0421,0
"HZD.HZE.02.D.5M_RNA",0.4961,0.0178,0.4404,0.0264,0.0184,0
"HZD.HZE.02.D.6M_RNA",0.3258,0.012,0.616,0.0149,0.0276,0
"HZD.HZE.03.A.1M_RNA",0.2458,0.1062,0.4874,0,0.1541,0
"HZD.HZE.03.B.2M_RNA",0.2791,0.0268,0.6254,0.0143,0.049,3e-04
"HZD.HZE.03.B.3M_RNA",0.1483,0.0033,0.762,0.0331,0.0458,0
"HZD.HZE.03.B.4M_RNA",0.2482,0.0245,0.5648,0.034,0.1161,0
"HZD.HZE.03.B.5M_RNA",0.0993,0.0605,0.5448,0.0094,0.2649,0
"HZD.HZE.04.A.1M_RNA",0.3738,0.0106,0.5955,0,0.0181,0
"HZD.HZE.04.A.2M_RNA",0.5983,0.0179,0.352,0,0.0256,0
"HZD.HZE.04.A.3M_RNA",0.3914,0.0481,0.4375,0,0.1061,0
"HZD.HZE.04.B.1M_RNA",0.3332,0.0029,0.5109,0.003,0.1436,0
"HZD.HZE.04.B.2M_RNA",0.1596,0.0034,0.7009,0.0593,0.0735,0
"HZD.HZE.04.B.3M_RNA",0.2568,0.0185,0.57,0.0605,0.074,0
"HZD.HZE.04.B.4M_RNA",0.6081,0.0037,0.3161,0.0447,0.0266,0
"HZD.HZE.04.B.5M_RNA",0.0194,0.0221,0.7375,0.098,0.1142,0
"HZE.HZB.01.A.1M_RNA",0.0012,0.1053,0.7636,0,0.0912,7e-04
"HZE.HZB.01.A.2M_RNA",0.0974,0.0275,0.7624,0,0.1009,0
"HZE.HZB.01.A.3M_RNA",0.1302,0.025,0.7594,0,0.0704,0
"HZE.HZB.02.A.1M_RNA",0.2708,0.0594,0.5055,0.0519,0.0852,0
"HZE.HZB.02.A.2M_RNA",0.5327,0.0041,0.3791,0.0657,0.012,0
"HZE.HZB.02.B.1M_RNA",0.0305,0.0336,0.7969,0.0917,0.0422,0
"HZE.HZB.02.B.2M_RNA",0.2964,0.001,0.3537,0.3415,0.0071,0
"HZE.HZB.02.B.3M_RNA",0.378,0.0038,0.5636,0.0314,0.0217,0
"HZE.HZB.02.C.1M_RNA",0.5331,0.0658,0.3367,0.0333,0.0197,0
"HZE.HZB.02.C.2M_RNA",0.6284,0.0081,0.3278,0.0226,0.0086,0
"HZE.HZB.02.C.3M_RNA",0.2506,0.0525,0.5359,0.0524,0.0789,0
"HZE.HZB.02.C.4M_RNA",0.3146,0.006,0.5139,0.1425,0.0125,0
"HZE.HZB.03.A.1M_RNA",0.6108,0.0253,0.3205,0,0.0373,1e-04
"HZE.HZB.03.A.2M_RNA",0.4226,0.034,0.4404,0,0.0967,0
"HZE.HZB.03.A.3M_RNA",0.5042,0.0133,0.4257,0,0.0506,0
"HZE.HZB.03.A.4M_RNA",0.3733,0.1118,0.4299,0,0.0795,0
"HZE.HZB.03.A.5M_RNA",0.3011,0.0473,0.4947,0,0.1469,0
"HZE.HZB.03.B.1M_RNA",0.471,0.0064,0.4515,0.0283,0.0397,0
"HZE.HZB.03.B.2M_RNA",0.3086,0.0173,0.3533,0.2556,0.0446,0
"HZE.HZB.03.B.3M_RNA",0.4587,0.0067,0.4249,0.1015,0.0072,0
"HZE.HZB.03.C.2M_RNA",0.1717,0.0191,0.7419,0.0237,0.0365,0
"HZE.HZB.03.C.3M_RNA",0.1241,0.0119,0.7011,0.0806,0.0756,0
"HZE.HZB.03.C.4M_RNA",0.1442,0.0223,0.743,0.0162,0.0585,0
"HZE.HZB.03.C.5M_RNA",0.2103,0.0354,0.6074,0.0434,0.0806,0
"HZE.HZB.04.A.1M_RNA",0.0731,0.0386,0.7693,0.0128,0.1013,0
"HZE.HZB.04.A.2M_RNA",0.5641,0.0134,0.3866,0.0165,0.0168,0
"HZE.HZB.04.A.3M_RNA",0.3151,0.0075,0.6164,0.0142,0.0452,0
"HZE.HZB.04.B.1M_RNA",0.204,0.0022,0.5916,0.067,0.1276,0
"HZE.HZB.04.B.2M_RNA",0.2167,0.0182,0.6136,0.0239,0.0248,0
"HZE.HZB.04.B.3M_RNA",0.2789,0.0286,0.646,0.0143,0.0254,0
"HZE.HZB.04.B.4M_RNA",0.1124,0.0176,0.7766,0.0374,0.0488,0
"HZE.HZB.04.B.5M_RNA",0.2262,0.0275,0.5216,0.1738,0.0441,0
"HZE.HZB.05.A.2M_RNA",0.4981,0.0441,0.4035,0.0196,0.0343,0
"HZE.HZB.06.A.1M_RNA",0.3819,0.0305,0.3996,0.0145,0.1689,0
"HZE.HZB.06.A.2M_RNA",0.4761,0.0064,0.4279,0.0548,0.0337,0
"HZE.HZB.06.B.1M_RNA",0.2604,0.0364,0.5807,0.0723,0.0396,0
"HZE.HZB.06.B.2M_RNA",0.5358,0.0037,0.3423,0.0873,0.0271,0
"HZE.HZB.06.B.3M_RNA",0.5205,0.0197,0.3866,0.0304,0.0387,0
"HZE.HZB.06.B.4M_RNA",0.3862,0.0137,0.4279,0.0924,0.0717,0
"HZE.HZB.06.B.5M_RNA",0.0549,0.0083,0.6801,0.0921,0.1617,0
"HZF.HZH.01.A.1M_RNA",0.2477,0.0023,0.5985,0,0.1241,0
"HZF.HZH.01.A.2M_RNA",0.3938,0.0212,0.487,0,0.0938,0
"HZF.HZH.01.A.3M_RNA",0.2816,0.031,0.5707,0,0.0808,0
"HZF.HZH.01.A.4M_RNA",0.1246,0.0117,0.7993,0,0.0605,0
"HZF.HZH.01.A.5M_RNA",0.3493,0.0148,0.5879,2e-04,0.0417,0
"HZF.HZH.01.B.1M_RNA",0.2918,0.034,0.5775,0,0.0924,0
"HZF.HZH.01.B.2M_RNA",0.3621,0.0172,0.4816,0,0.1126,1e-04
"HZF.HZH.01.B.3M_RNA",0.2931,0.0389,0.5021,0,0.149,0
"HZF.HZH.01.C.1M_RNA",0.128,0.0083,0.6624,0.0701,0.0701,0
"HZF.HZH.01.C.2M_RNA",0.5027,0.0402,0.3749,0.0433,0.0334,0
"HZF.HZH.02.A.2M_RNA",0.2127,0.017,0.6705,0,0.0889,0
"HZF.HZH.02.B.2M_RNA",0.2291,0.0077,0.6642,0.0704,0.0265,0
"HZF.HZH.02.B.3M_RNA",0.3125,0.0408,0.576,0.0463,0.0078,0
"HZF.HZH.02.C.1M_RNA",0.2405,0.0269,0.6462,0.0211,0.0543,0
"HZF.HZH.02.D.1M_RNA",0.2626,0.0084,0.5686,0.0871,0.0562,0
"HZF.HZH.02.D.2M_RNA",0.2514,0.0211,0.6306,0.0213,0.061,0
"HZF.HZH.02.E.1M_RNA",0.432,0.0164,0.4372,0,0.101,0
"HZF.HZH.02.E.2M_RNA",0.1533,0.0178,0.761,0.0043,0.0568,0
"HZF.HZH.02.E.3M_RNA",0.13,0.0119,0.8082,0.0013,0.0409,0
"HZF.HZH.02.E.4M_RNA",0.1613,0.004,0.7866,0.01,0.0287,0
"HZF.HZH.02.E.5M_RNA",0.0958,6e-04,0.8118,0,0.0883,0
"HZF.HZH.02.E.6M_RNA",0.2959,0.028,0.5698,0,0.0758,0
"HZF.HZH.02.E.7M_RNA",0.2272,0,0.7208,0,0.0509,0
"HZF.HZH.02.E.8M_RNA",0.3161,0.0084,0.5989,0,0.0604,0
"HZF.HZH.03.A.2M_RNA",0.4601,0.015,0.4611,0.0149,0.04,0
"HZF.HZH.03.A.3M_RNA",0.3486,0.001,0.548,0.0211,0.0682,0
"HZF.HZH.03.A.4M_RNA",0.3433,0.0045,0.5098,0.0226,0.1123,0
"HZF.HZH.03.A.6M_RNA",0.3367,0.0028,0.5307,0.0077,0.0966,0
"HZF.HZH.03.A.7M_RNA",0.2973,0.0027,0.6186,0.013,0.0364,0
"HZF.HZH.03.B.1M_RNA",0.3263,0.0116,0.5063,0.0058,0.13,0
"HZF.HZH.03.B.2M_RNA",0.3194,0.008,0.4396,0.1314,0.091,0
"HZF.HZH.03.B.3M_RNA",0.1665,0.0094,0.554,0.0079,0.2242,0
"HZF.HZH.04.A.1M_RNA",0.4627,0.0138,0.3937,0.042,0.0865,0
"HZF.HZH.04.A.2M_RNA",0.4528,7e-04,0.3499,0.0123,0.1558,0
"HZF.HZH.04.A.3M_RNA",0.6166,0,0.2455,0.019,0.1157,0
"HZF.HZH.04.A.4M_RNA",0.3788,0.002,0.3849,0.0115,0.2126,0
"HZF.HZH.04.A.5M_RNA",0.5511,0.0142,0.3154,0.0383,0.0615,0
"HZF.HZH.04.A.6M_RNA",0.3812,0,0.3141,0.0513,0.2485,0
"HZF.HZH.04.A.7M_RNA",0.6256,2e-04,0.1518,0.121,0.0984,0
"HZF.HZH.04.A.8M_RNA",0.3844,3e-04,0.2828,0.0193,0.2986,0
"HZG.HZD.01.A.1M_RNA",0.3102,0.0143,0.4501,0.0034,0.2095,0
"HZG.HZD.01.A.2M_RNA",0.2856,0.0323,0.6195,0.0303,0.0307,0
"HZG.HZD.01.A.3M_RNA",0.2557,0.0051,0.643,0.0086,0.0823,0
"HZG.HZD.01.A.4M_RNA",0.3239,0.0306,0.4977,0.0173,0.1262,0
"HZG.HZD.01.A.5M_RNA",0.5256,0.0211,0.3318,0.0666,0.0517,0
"HZG.HZD.01.A.6M_RNA",0.3563,0.0335,0.4307,0.0191,0.15,0
"HZG.HZD.01.B.1M_RNA",0.4056,3e-04,0.4931,8e-04,0.092,0
"HZG.HZD.01.B.2M_RNA",0.8211,0.0027,0.1459,0.0057,0.0238,0
"HZG.HZD.02.A.2M_RNA",0.2607,0.0178,0.464,0.0036,0.2375,0
"HZG.HZD.02.A.3M_RNA",0.1164,0.0219,0.7597,0.0043,0.0929,0
"HZG.HZD.02.A.4M_RNA",0.3366,0.0238,0.4677,0.0146,0.1506,0
"HZG.HZD.02.A.5M_RNA",0.2,0.0097,0.457,0.0184,0.2558,0
"HZG.HZD.02.A.6M_RNA",0.262,0,0.6065,0.0084,0.115,0
"HZG.HZD.02.B.1M_RNA",0.3961,0.0175,0.2844,0.2192,0.0701,0
"HZG.HZD.02.B.2M_RNA",0.0919,0.0011,0.5978,0.2214,0.0802,0
"HZG.HZD.02.B.3M_RNA",0.1878,0.0066,0.533,0.0104,0.2364,0
"HZG.HZD.02.C.1M_RNA",0.4226,0.0042,0.4579,0.0075,0.1003,0
"HZG.HZD.02.C.2M_RNA",0.2437,0.007,0.6494,0.0056,0.0886,0
"HZG.HZD.02.C.3M_RNA",0.199,0.0115,0.6819,0.0062,0.0935,0
"HZG.HZD.02.C.4M_RNA",0.5967,0.0012,0.2759,0.0832,0.0405,0
"HZG.HZD.02.C.5M_RNA",0.0584,0.0099,0.591,0.0603,0.2444,0
"HZG.HZD.03.A.1M_RNA",0.5228,0.0038,0.2577,0.0306,0.1549,0
"HZG.HZD.03.A.2M_RNA",0.4258,0.0072,0.4333,0.0446,0.0777,0
"HZG.HZD.03.A.3M_RNA",0.1981,0.0039,0.5599,0.0172,0.1985,0
"HZG.HZD.03.A.4M_RNA",0.1858,0.0214,0.569,0.0083,0.183,0
"HZG.HZD.03.A.5M_RNA",0.0807,0.0087,0.7574,0.0031,0.1416,0
"HZG.HZD.03.A.6M_RNA",0.1389,0.0034,0.5828,0.0372,0.2151,0
"HZG.HZD.03.A.7M_RNA",0.3007,0.0239,0.4641,0.0105,0.189,0
"HZG.HZD.03.B.1M_RNA",0.4973,0.0063,0.3882,0.0321,0.0673,0
"HZG.HZD.03.B.2M_RNA",0.283,0.0097,0.6112,0.0551,0.037,0
"HZG.HZD.03.C.1M_RNA",0.2028,0.0095,0.5057,0.0188,0.236,0
"HZG.HZD.03.C.2M_RNA",0.2342,0.0013,0.4736,0.0188,0.223,0
"HZG.HZD.03.C.3M_RNA",0.1577,0.0337,0.5236,0.0047,0.2625,0
"HZG.HZD.03.C.4M_RNA",0.3229,0.0533,0.2933,0.0091,0.2705,0
"HZG.HZD.04.A.1M_RNA",0.1864,0.0147,0.7115,0,0.0724,0
"HZG.HZD.04.A.2M_RNA",0.1654,1e-04,0.7601,0,0.0649,0
"HZG.HZD.06.A.1M_RNA",0.2955,0.0201,0.3959,0.016,0.2207,1e-04
"HZG.HZD.06.A.2M_RNA",0.2015,0.0063,0.3701,0.0013,0.0878,0
"HZG.HZD.06.A.3M_RNA",0.5308,0.008,0.401,0.0063,0.0479,0
"HZG.HZD.06.A.4M_RNA",0.47,0.0081,0.4569,0.0054,0.0496,0
"HZH.HZC.01.A.2M_RNA",0.0996,0.0472,0.7346,0.0137,0.0991,0
"HZH.HZC.01.A.3M_RNA",0.0197,0.1058,0.6358,0,0.237,0
"HZH.HZC.01.B.1M_RNA",0.083,0.0292,0.7612,0.0487,0.0751,0
"HZH.HZC.01.B.3M_RNA",0.18,0.0045,0.6902,0.0837,0.0259,0
"HZH.HZC.01.B.4M_RNA",0.3491,0.0078,0.4945,0.0285,0.1183,0
"HZH.HZC.01.B.5M_RNA",0.2286,0.0031,0.6512,0.0712,0.0431,0
"HZH.HZC.01.C.3M_RNA",0.3196,0.0031,0.5591,0.0043,0.1132,0
"HZH.HZC.02.A.1M_RNA",0.3209,0.0144,0.5308,0.124,0.0085,0
"HZH.HZC.03.A.1M_RNA",0.1778,0.0491,0.5769,0.1017,0.0747,0
"HZH.HZC.03.A.2M_RNA",0.1334,0.064,0.6563,0.0234,0.0908,0
"HZH.HZC.03.A.3M_RNA",0.364,0.0241,0.398,0.1007,0.1004,0
"HZH.HZC.03.A.4M_RNA",0.1469,0.0371,0.5327,0.0028,0.2703,0
"HZH.HZC.03.A.5M_RNA",0.3326,0.0687,0.393,0.0508,0.1326,0
"HZH.HZC.04.A.1M_RNA",0.3701,0.004,0.4894,0.1184,0.0158,0
"HZH.HZC.04.A.2M_RNA",0.3326,0.0134,0.5121,0.1079,0.0339,0
"HZH.HZC.04.A.3M_RNA",0.2245,0.0402,0.5839,0.0164,0.1138,0
"HZH.HZC.04.B.1M_RNA",0.3795,0.0589,0.5107,0.005,0.0447,0
"HZH.HZC.04.B.2M_RNA",0.3577,0.0416,0.3873,0.1544,0.0506,0
"HZH.HZC.04.B.3M_RNA",0.6135,0.0071,0.3346,0.0019,0.0394,0
"HZH.HZC.04.B.4M_RNA",0.1896,0.038,0.6398,0.0216,0.0986,0
"HZH.HZC.05.A.2M_RNA",0.3812,0.0184,0.5295,0.0137,0.0344,0
"HZH.HZC.05.A.3M_RNA",0.1041,0.0189,0.726,0.0042,0.1023,0
"HZH.HZC.05.A.4M_RNA",0.2944,0.0424,0.5682,0.0216,0.0699,0
"HZH.HZC.06.A.1M_RNA",0.0712,0.0531,0.6325,0.1028,0.1322,0
"HZH.HZC.06.A.2M_RNA",0.0341,0.0102,0.8327,0.0626,0.0557,0
"HZH.HZC.06.A.3M_RNA",0.2082,0.013,0.6597,0.0561,0.0593,0
"HZH.HZC.07.A.1M_RNA",0.2611,0.0567,0.45,0,0.2277,0
"HZH.HZC.07.A.2M_RNA",0.2999,0.0177,0.5718,0,0.1087,0
"HZH.HZC.07.A.3M_RNA",0.2189,0.0418,0.5262,0,0.2102,0
"HZH.HZC.09.A.1M_RNA",0.2132,0.02,0.6121,0.031,0.1221,0
"HZH.HZC.09.A.2M_RNA",0.375,0.0329,0.4726,0.0159,0.1013,1e-04
"HZH.HZC.09.A.3M_RNA",0.1934,0.0372,0.5619,0.0133,0.1835,0
"HZH.HZC.09.A.4M_RNA",0.329,0.0228,0.5588,0.0373,0.0476,0
"HZH.HZC.09.A.5M_RNA",0.4163,0.0178,0.514,0.0081,0.0389,0
"HZH.HZC.09.B.1M_RNA",0.1366,0.0351,0.6957,0.0286,0.0957,0
"HZH.HZC.09.B.2M_RNA",0.1227,0.0581,0.6245,0.0163,0.173,0
"HZH.HZC.09.B.3M_RNA",0.1024,0.0387,0.7813,0.0407,0.0324,1e-04
"HZH.HZC.10.A.1M_RNA",0.101,0.0145,0.6836,0.0536,0.1435,0
"HZH.HZC.10.A.2M_RNA",0.0786,0.0068,0.5658,0.2126,0.1179,0
"HZH.HZC.10.A.3M_RNA",0.2901,0.0119,0.487,0.1359,0.0677,0
